AGAP000005,,78.95,0.013750498,0.239440138,0.000171241,3,core4854,,
AGAP000015,,2.81,0.000112631,0.208689488,4.18E-05,2,,,
AGAP000025,,93.13,0.004387554,0.243777634,0.000258465,4,core4854,,
AGAP000035,,9.09,8.94E-05,0.216503178,6.18E-05,1,,,
AGAP000045,,0.68,3.02E-05,0.169564536,0,2,,,
AGAP000065,,28.79,0.000236801,0.210337433,0,6,,,
AGAP000075,,2.8,3.44E-05,0.189235806,0,2,,,
AGAP000085,CPR129,90.24,0.019536474,0.225322561,7.62E-05,3,core4854,,
AGAP000095,,15.61,0.000424261,0.211908419,5.39E-07,5,,,
AGAP000105,,14.85,5.92E-05,0.217544518,0.000179491,1,,,
AGAP000115,GPRNPY4,37.74,0.000742386,0.21801137,3.71E-05,2,,,
AGAP000145,eff,22.76,0.00417234,0.227172536,4.45E-05,3,,,
AGAP000155,,15.17,1.72E-05,0.202279725,1.11E-05,1,,,
AGAP000165,GSTMS1,47.66,0.002832462,0.23456695,0.000155189,5,,,
AGAP000185,,6.97,3.14E-05,0.193867695,0.000184244,4,,,
AGAP000195,,1.37,6.17E-06,0.173542742,4.31E-08,4,,,
AGAP000205,,117.84,0.027173264,0.244294011,0.000276569,3,core4854,,
AGAP000215,,92.75,0.01076986,0.238102444,0.000107108,2,core4854,,
AGAP000225,,36.02,0.000716264,0.22621498,0.000159349,2,,,
AGAP000235,,122.69,0.030830201,0.243340963,5.07E-05,3,core4854,core6920,
AGAP000245,,9.52,0.000296047,0.2122855,7.53E-06,4,,,
AGAP000255,,52.49,0.013795308,0.23220703,0.000135827,3,,,
AGAP000275,,13.03,0.004197228,0.214201912,7.48E-07,3,,,
AGAP000285,,14.7,0.003671099,0.227214033,9.17E-05,3,,,
AGAP000305,,17.17,0.000241938,0.220116054,0.000126835,5,,,
AGAP000315,CLIPC6,2.01,1.00E-06,0.160488099,1.29E-07,7,,,
AGAP000325,,6.83,5.88E-05,0.207908103,1.77E-06,1,,,
AGAP000345,CPR126,99.73,0.017701634,0.233568779,9.04E-05,3,core4854,,
AGAP000355,,0.69,5.42E-07,0.164882735,0,1,,,
AGAP000365,,5.37,3.54E-06,0.182658564,9.53E-05,9,,,
AGAP000375,,10.6,0.000209556,0.220416241,7.09E-05,1,,,
AGAP000395,,31.46,0.000202113,0.224541808,5.39E-05,1,,,
AGAP000405,,42.55,0.000416745,0.227376843,1.58E-05,1,,,
AGAP000415,,7.04,3.66E-05,0.205580364,0,1,,,
AGAP000425,,58.56,0.002285549,0.232631631,6.49E-05,5,,,
AGAP000445,GPRADS,19.12,0.000119093,0.205510877,0.000155039,2,,,
AGAP000475,,2.77,4.09E-06,0.188353352,2.59E-06,1,,,
AGAP000485,,79.08,0.002495084,0.21629374,1.47E-05,2,,,
AGAP000495,,17.86,0.000291103,0.231681144,0.000271456,4,,,
AGAP000515,,27.96,8.31E-05,0.211258541,0.000101576,1,,,
AGAP000535,,2.19,4.33E-08,0.151959583,8.13E-06,9,,,
AGAP000545,,18.33,0.000200685,0.221896648,0.000176359,1,,,
AGAP000555,mal,52.56,0.001271178,0.253571039,0.001717892,5,,,
AGAP000565,TRXR,28.33,0.005896016,0.240219758,7.96E-06,5,,,
AGAP000575,,7.44,3.84E-05,0.197956487,3.53E-05,8,,,
AGAP000585,,10.25,0.000151556,0.213804601,1.58E-05,6,,,
AGAP000605,,39.69,6.84E-06,0.193554019,2.10E-05,9,,,
AGAP000615,,42.43,0.000330829,0.225497881,0.000196537,1,,,
AGAP000625,Vps4,0.72,2.87E-07,0.155381394,0,5,,,
AGAP000635,,79.21,0.000743119,0.218749952,0.000110552,6,,,
AGAP000655,RpS14-1,194.96,0.023160862,0.258585327,8.88E-05,5,core4854,core6920,core7464
AGAP000685,,12.39,0.000317604,0.208575095,4.18E-06,2,,,
AGAP000695,,40.8,0.006133994,0.236696481,4.25E-05,4,,,
AGAP000705,,48.52,0.001104418,0.239624832,0.000278556,1,,,
AGAP000715,,0.69,5.54E-05,0.175689059,0,3,,,
AGAP000725,,11.13,0.000171736,0.221874909,3.84E-06,1,,,
AGAP000735,,24.65,0.000341736,0.228907982,1.99E-05,1,,,
AGAP000745,,33.69,0.004705754,0.224733691,3.73E-05,3,,,
AGAP000755,,3.47,8.09E-06,0.188346698,2.05E-07,1,,,
AGAP000765,,66.97,0.007717101,0.245299885,0.000318882,4,core4854,,
AGAP000795,,122.32,0.008884107,0.241223592,0.000491765,2,,,
AGAP000805,,30.63,0.000847891,0.215613445,1.76E-05,2,,,
AGAP000815,INTB,8.18,0.000112274,0.205781043,3.96E-05,1,,,
AGAP000825,,155.68,0.00736465,0.245455882,0.000114628,4,core4854,,
AGAP000835,,44.94,0.000216854,0.213681335,0.000121602,8,,,
AGAP000855,,30.84,0.000494976,0.226578445,3.20E-05,1,,,
AGAP000865,,11.69,0.00014032,0.205403361,2.93E-05,4,,,
AGAP000885,,3.49,6.56E-06,0.182876019,8.28E-06,14,,,
AGAP000915,,40.68,0.005829909,0.226673494,6.58E-06,3,,,
AGAP000935,,7.93,9.13E-05,0.205334601,6.94E-05,5,,,
AGAP000945,,14.27,0.000852652,0.232983714,0.000552312,2,,,
AGAP000955,,17.69,0.000525383,0.213887938,5.41E-06,6,,,
AGAP000965,,94.16,0.017205004,0.239832543,0.000149535,3,core4854,,
AGAP000975,,2.06,1.14E-05,0.190653473,7.13E-06,12,,,
AGAP000985,,2.09,1.60E-06,0.181265433,8.99E-06,1,,,
AGAP000995,,5.48,0.000129067,0.199663594,5.63E-06,5,,,
AGAP001005,,150.09,0.033786007,0.23809333,0.000227523,3,core4854,core6920,
AGAP001015,,4.07,3.35E-06,0.182636694,0.00013327,12,,,
AGAP001025,,4.76,6.44E-06,0.190823575,0.000177128,12,,,
AGAP001035,,7.37,0.000216841,0.212771397,9.85E-05,2,,,
AGAP001045,,53.46,0.000369318,0.223474066,6.99E-05,1,,,
AGAP001065,,87.6,0.003301333,0.240958799,0.001756637,5,,,
AGAP001085,,3.48,0.000153255,0.186873856,0.000169693,2,,,
AGAP001115,Gr42,65.17,0.007090914,0.228231658,1.06E-05,2,core4854,,
AGAP001125,Gr58,18.81,0.001010108,0.19924381,1.52E-05,2,,,
AGAP001135,,46.26,0.000290859,0.229182195,5.48E-05,8,,,
AGAP001145,,127.28,0.000856219,0.238447335,0.000189156,1,core4854,,
AGAP001165,,18.13,0.000471581,0.202683047,1.85E-06,2,,,
AGAP001175,GPRCAL2,38.56,0.002233006,0.224449781,0.000117806,2,,,
AGAP001185,,134.06,0.001179795,0.229862864,0.000429201,6,core4854,,
AGAP001195,Cbp80,28.95,0.00016016,0.208875869,1.23E-05,1,,,
AGAP001205,,6.34,5.17E-06,0.173223443,4.93E-05,9,,,
AGAP001225,,4.06,0.000167081,0.197197627,0,4,,,
AGAP001245,,163.98,0.032652705,0.231380442,8.04E-05,3,core4854,core6920,
AGAP001255,,57.69,0.002656382,0.244117196,0.000772675,4,,,
AGAP001265,,90.72,0.012008128,0.235196276,6.77E-05,2,core4854,,
AGAP001275,,1.32,2.28E-05,0.181169988,0,6,,,
AGAP001285,Vps2,22.93,0.000488191,0.218671489,6.90E-07,1,,,
AGAP001315,,86.46,0.023808119,0.240654423,3.82E-05,3,core4854,,
AGAP001325,,210.52,0.012295728,0.262536952,0.001958745,5,core4854,core6920,
AGAP001335,,23.44,0.004931982,0.231973529,1.34E-05,3,,,
AGAP001345,,172.46,0.035424896,0.234369476,0.000107128,3,core4854,core6920,
AGAP001355,,172.88,0.029218921,0.23053821,0.000408768,10,core4854,core6920,
AGAP001365,,81.23,0.000326392,0.215120923,0.000132156,7,,,
AGAP001375,SRPN12,31.55,0.001416384,0.197258437,8.21E-06,13,,,
AGAP001395,,21.83,0.005183851,0.215076861,1.01E-06,3,,,
AGAP001405,,14.83,0.000207244,0.204055403,8.99E-06,4,,,
AGAP001415,,42.42,0.000352041,0.216194344,0.000108387,6,,,
AGAP001435,,14.86,0.002005731,0.213694422,2.77E-06,4,,,
AGAP001445,,82.6,0.021892552,0.234267524,1.07E-05,3,core4854,,
AGAP001455,,44.54,0.014688856,0.229290185,4.07E-06,3,,,
AGAP001475,,12.74,0.000226399,0.216107098,0,1,,,
AGAP001485,,57.49,0.011414239,0.219780048,1.65E-05,3,,,
AGAP001495,,238.7,0.047861374,0.253571508,0.000287411,3,core4854,core6920,
AGAP001505,,81.44,0.001303336,0.23957422,0.000418271,1,,,
AGAP001515,,2.71,0.000527463,0.199748212,0,3,,,
AGAP001525,,33.52,0.000323863,0.214126907,7.09E-06,4,,,
AGAP001535,,76.42,0.013809532,0.240051672,0.000114615,3,core4854,,
AGAP001545,,65.87,0.006494372,0.228606809,7.77E-07,5,core4854,,
AGAP001555,,65.61,0.003760692,0.237577514,7.25E-05,4,core4854,,
AGAP001565,,19.39,7.15E-05,0.213133548,1.68E-05,1,,,
AGAP001585,,45.63,0.003323022,0.245017291,0.000664974,5,,,
AGAP001595,RpS29,139.65,0.012808032,0.24020276,7.93E-05,5,core4854,core6920,core7464
AGAP001615,,28.63,0.000397692,0.220594994,4.39E-05,4,,,
AGAP001625,,44,0.003730964,0.212423169,1.56E-05,3,,,
AGAP001635,,0.66,4.64E-09,0.129746833,0,2,,,
AGAP001645,,70.74,0.002037816,0.232662629,0.000179849,4,,,
AGAP001655,,50.96,0.000404065,0.224932685,8.98E-05,1,,,
AGAP001665,CPR2,623.83,0.083693193,0.278352043,0.005771114,3,core4854,core6920,
AGAP001675,,11.72,0.000162749,0.183871551,9.83E-05,9,,,
AGAP001685,,78.52,0.000534488,0.232507025,7.52E-05,1,,,
AGAP001695,,11.04,0.000156167,0.200234121,1.40E-06,6,,,
AGAP001705,,81.26,0.02088261,0.23167454,2.08E-05,3,core4854,,
AGAP001715,,10.58,0.000206851,0.230833955,0.000345243,1,,,
AGAP001725,,29.44,0.00026946,0.220975418,2.44E-06,1,,,
AGAP001735,,62.72,0.000366887,0.21541203,0.000137477,11,,,
AGAP001745,Rpn2,6.35,0.000107414,0.207498587,1.14E-05,5,,,
AGAP001765,,28.86,0.000429541,0.246408507,0.000620122,4,,,
AGAP001775,ABCC2,0.68,3.59E-06,0.169503229,0,5,,,
AGAP001795,,24.56,0.000209154,0.212730325,8.86E-07,4,,,
AGAP001805,RpL13,76.04,0.013017415,0.244876515,0.000313631,5,core4854,,
AGAP001825,,95.64,0.012018156,0.218295313,9.84E-06,10,core4854,,
AGAP001865,mRpL17,27.54,0.000106675,0.218835699,9.39E-05,1,,,
AGAP001885,,13.39,1.66E-05,0.20014226,3.09E-06,1,,,
AGAP001895,,20.48,0.00035829,0.209078714,5.57E-05,4,,,
AGAP001905,,1.39,1.35E-06,0.17296691,0,12,,,
AGAP001915,Gr24,105.42,0.009666251,0.232273946,0.000100116,2,core4854,,
AGAP001925,,18.86,0.000971224,0.207022124,7.16E-06,2,,,
AGAP001935,,66.14,0.017361385,0.23033662,1.80E-06,3,core4854,,
AGAP001945,,22.67,0.000442807,0.22574763,0.000176123,4,,,
AGAP001955,,1.96,2.11E-05,0.186635532,8.63E-08,5,,,
AGAP001965,,0.68,8.64E-10,0.131834396,0,9,,,
AGAP001975,,12.89,0.000181957,0.215353509,0,1,,,
AGAP001985,,101.13,0.007939097,0.240057027,0.000263047,2,core4854,,
AGAP001995,Prosalpha2,24.76,0.00038069,0.216448715,2.28E-05,1,,,
AGAP002005,,28.71,0.000838486,0.212381184,7.59E-05,2,,,
AGAP002015,,25.65,0.005098548,0.239078247,8.79E-05,6,,,
AGAP002025,OBP11,0.69,3.16E-07,0.156808054,0,2,,,
AGAP002035,,2.09,2.90E-05,0.197945356,0,4,,,
AGAP002055,,5.42,0.00043531,0.185860781,2.24E-06,10,,,
AGAP002065,,8.14,5.82E-05,0.212738829,1.68E-05,1,,,
AGAP002075,,86.11,0.000350576,0.22571306,0.000187893,8,,,
AGAP002085,,55.47,0.007534187,0.241441485,0.000742607,7,,,
AGAP002095,USP,46.22,0.015108364,0.227242864,5.13E-07,3,,,
AGAP002105,,52.74,0.000293358,0.209979834,7.83E-05,11,,,
AGAP002125,Or34,12.35,0.00322146,0.214110925,0,3,,,
AGAP002135,dpr9,63.62,0.001061803,0.215802701,1.86E-05,6,,,
AGAP002145,,83.91,0.000557451,0.213374872,3.87E-06,6,core4854,,
AGAP002155,,26.57,0.008254373,0.227343192,2.01E-07,3,,,
AGAP002175,,1.39,8.16E-05,0.197752235,0,5,,,
AGAP002185,,10.2,0.000120636,0.210915301,0,1,,,
AGAP002195,CYP325F2,11,8.73E-05,0.225627879,0.000157728,6,,,
AGAP002205,CYP325C2,0.73,3.30E-05,0.170476387,0,3,,,
AGAP002215,,2.07,2.93E-05,0.199867406,0,1,,,
AGAP002235,,2.8,3.11E-06,0.184061081,0,12,,,
AGAP002245,,150.03,0.013706427,0.253444654,1.45E-05,5,core4854,core6920,core7464
AGAP002265,,134.68,0.004417485,0.25341079,0.000718747,5,core4854,,
AGAP002275,,229.46,0.022076962,0.248313639,0.000456394,2,core4854,,
AGAP002285,,6.08,0.000252624,0.209849163,5.00E-07,5,,,
AGAP002295,,9.66,5.73E-05,0.215711316,0,1,,,
AGAP002305,,58.19,0.000290093,0.230771376,0.000101936,1,,,
AGAP002315,APG16L,11.19,0.001784155,0.222841017,6.87E-05,3,,,
AGAP002325,,22.76,0.000269045,0.2192818,0.000109659,2,,,
AGAP002335,,122.12,0.017189918,0.242996456,8.36E-05,4,core4854,,
AGAP002345,,15,3.21E-05,0.200430215,8.31E-06,1,,,
AGAP002355,,66.35,0.000675856,0.220299078,0.000155053,6,,,
AGAP002365,,47.37,0.000648374,0.205548015,0.000189431,11,,,
AGAP002375,,87.65,0.000893462,0.23028217,5.52E-06,1,core4854,,
AGAP002385,Trs33,91.9,0.001662426,0.230718083,2.50E-05,1,core4854,,
AGAP002395,RpL10-2,163.9,0.022610336,0.260520524,0.000253172,5,core4854,core6920,core7464
AGAP002405,,77.58,0.002380639,0.232467994,4.07E-05,5,core4854,,
AGAP002415,,1.98,1.44E-06,0.170035113,0,9,,,
AGAP002425,,0.68,1.82E-06,0.176205856,0,12,,,
AGAP002435,LL5,47.29,0.000796387,0.209996982,4.03E-05,2,,,
AGAP002445,,10.76,0.000286481,0.198755624,5.45E-05,3,,,
AGAP002455,,6.11,0.00011495,0.217665156,1.63E-05,1,,,
AGAP002465,,172.07,0.012189697,0.245860242,0.000364239,5,core4854,core6920,core7464
AGAP002475,,115.91,0.000774487,0.233864704,6.70E-05,8,core4854,,
AGAP002485,,51.1,0.007050216,0.231566766,1.63E-05,2,,,
AGAP002495,,8.76,0.00064003,0.197641647,1.79E-06,2,,,
AGAP002505,,50.98,0.002842692,0.224993974,0.000330191,6,,,
AGAP002515,,62.8,0.0006568,0.20685358,9.32E-05,11,,,
AGAP002525,,3.42,3.46E-05,0.187003932,3.56E-06,5,,,
AGAP002535,,70.36,0.000655536,0.226051066,1.60E-05,1,,,
AGAP002555,CYP325K1,23.95,0.001272199,0.227633749,5.52E-05,2,,,
AGAP002575,,11.82,0.002880685,0.20711881,0,3,,,
AGAP002585,,71.18,0.009154034,0.234490552,0.000184687,2,,,
AGAP002595,,16.59,0.000158891,0.200526068,5.33E-05,11,,,
AGAP002605,,148.05,0.001573285,0.243387061,0.000521361,4,core4854,,
AGAP002615,,13.29,0.000171127,0.225221143,1.48E-06,1,,,
AGAP002625,CTL9,16.03,0.001531454,0.224445479,1.76E-05,2,,,
AGAP002635,Gr13,69.62,0.002895399,0.221623534,3.11E-05,2,,,
AGAP002645,,5.61,0.000795232,0.201178397,0,3,,,
AGAP002655,,34.58,0.001808516,0.232881865,7.89E-05,4,,,
AGAP002665,Vps11,2.71,1.10E-05,0.189363665,0.000169765,1,,,
AGAP002685,APG8,183.9,0.01380234,0.244373878,3.63E-05,5,core4854,core6920,core7464
AGAP002695,,88.94,0.017412254,0.241609628,0.000119099,3,core4854,,
AGAP002705,,17.09,3.52E-05,0.201484958,8.19E-05,1,,,
AGAP002715,,4.14,0.000943578,0.211871083,6.30E-06,3,,,
AGAP002725,,13.79,0.000885774,0.210995142,2.18E-05,3,,,
AGAP002735,,18.78,0.001488588,0.216802246,5.38E-05,4,,,
AGAP002755,,4.08,1.49E-05,0.173164282,1.80E-07,2,,,
AGAP002765,,33.85,0.000845694,0.21469877,7.26E-05,2,,,
AGAP002775,,150.47,0.003075074,0.251076806,0.000998286,4,core4854,,
AGAP002795,,25.55,0.000259918,0.2190029,2.12E-06,1,,,
AGAP002805,,15.38,0.000172205,0.225231832,2.68E-05,1,,,
AGAP002815,CLIPA15,74.22,0.008293461,0.233301624,0.000149594,2,,,
AGAP002825,PPO1,45.87,0.006891315,0.220496109,3.28E-05,3,,,
AGAP002835,,6.08,1.23E-05,0.174594818,1.02E-06,7,,,
AGAP002845,,93.13,0.005059757,0.232372603,5.76E-05,2,,,
AGAP002855,,1.42,2.61E-06,0.161619173,0,7,,,
AGAP002865,CYP6P3,5.79,3.17E-05,0.178816909,0.000222869,9,,,
AGAP002875,,18.45,0.000307126,0.215888963,3.60E-08,4,,,
AGAP002885,,20.59,0.002115517,0.216137988,0.000170067,2,,,
AGAP002895,,6.25,1.67E-05,0.191889472,8.14E-06,1,,,
AGAP002905,OBP13,19.28,2.24E-05,0.190847159,0.000245624,7,,,
AGAP002915,,1.33,1.89E-07,0.160385279,8.63E-08,4,,,
AGAP002925,,111.44,0.002727878,0.246781999,0.001584813,7,,,
AGAP002935,eIF3f,15.92,0.000198518,0.224578026,6.38E-05,1,,,
AGAP002945,,4.79,6.32E-05,0.212540537,4.71E-06,1,,,
AGAP002955,,2.03,1.19E-05,0.176213608,0,4,,,
AGAP002975,,1.4,1.55E-06,0.16392437,1.05E-06,2,,,
AGAP002985,,39.37,0.000274001,0.207619566,7.48E-07,8,,,
AGAP002995,Or59,269.7,0.014203562,0.247067754,0.00211285,2,core4854,,
AGAP003005,,1.37,0.000217407,0.193006636,0,3,,,
AGAP003015,,2.04,8.27E-07,0.157610987,0.000169592,7,,,
AGAP003025,RpLp2,182.24,0.013831752,0.258448259,0.000888196,5,core4854,core6920,core7464
AGAP003035,,7.67,8.91E-05,0.2161763,0,1,,,
AGAP003055,,2.74,6.74E-05,0.181217162,9.35E-07,13,,,
AGAP003065,CYP11179,50.73,0.001935952,0.219536839,0.000145551,2,,,
AGAP003075,,12.96,0.000178174,0.213033026,3.99E-05,1,,,
AGAP003085,,24.31,0.000103991,0.215558325,4.30E-05,8,,,
AGAP003095,,2.01,7.13E-07,0.156107643,0,7,,,
AGAP003115,,208.32,0.030711108,0.245141952,0.000423919,3,core4854,,
AGAP003125,,0.65,1.63E-05,0.181502538,0,2,,,
AGAP003135,,142,0.001249046,0.236737239,0.001401339,1,,,
AGAP003145,,65.72,0.002000339,0.226165502,6.79E-05,2,,,
AGAP003155,,96.38,0.00104138,0.234479614,5.54E-06,1,core4854,,
AGAP003165,,6.89,0.000128485,0.208388532,1.29E-07,1,,,
AGAP003175,,28.17,0.003772452,0.22427583,1.08E-05,3,,,
AGAP003195,,2.77,0.000532657,0.209216211,8.63E-08,3,,,
AGAP003215,Rpt2,7.14,2.59E-05,0.193974542,1.02E-05,1,,,
AGAP003225,,195.91,0.001081439,0.238688927,0.000413429,8,core4854,,
AGAP003235,,65.25,0.011538697,0.229804222,0.000108548,3,core4854,,
AGAP003245,,3.44,3.61E-06,0.192933671,1.59E-05,2,,,
AGAP003255,,59.94,0.002083794,0.2268444,0.000109845,2,,,
AGAP003265,,2.06,2.81E-05,0.206999304,0,1,,,
AGAP003275,,65.07,0.001496073,0.229935227,0.000490459,2,,,
AGAP003285,,21.39,0.000375968,0.209410213,0.000248224,2,,,
AGAP003295,,3.48,2.58E-05,0.192289258,0,8,,,
AGAP003305,,151.91,0.026434455,0.241682583,0.000174715,3,core4854,,
AGAP003315,,8.35,0.000108921,0.210989461,4.31E-08,1,,,
AGAP003325,,82.02,0.007012459,0.229010133,3.87E-05,5,core4854,,
AGAP003335,,36.7,0.000737429,0.222304788,0.00022241,2,,,
AGAP003345,,174.58,0.004210712,0.258940831,0.001706014,4,core4854,,
AGAP003355,,79.23,0.004166631,0.228911026,0.000135181,6,,,
AGAP003365,,67.63,0.000807929,0.231866024,0.000230019,4,,,
AGAP003375,,58.92,0.005084116,0.216156639,5.16E-05,13,,,
AGAP003395,,65.3,0.002119359,0.238951681,0.000468632,4,,,
AGAP003405,,0.68,3.99E-06,0.175660131,0,2,,,
AGAP003415,,57.41,0.000931796,0.228733945,2.41E-05,1,,,
AGAP003425,,10.18,0.00034545,0.20666507,1.44E-08,4,,,
AGAP003445,Tsc1,9.02,0.00044424,0.207075383,2.33E-06,4,,,
AGAP003465,,16.62,0.001811872,0.206846738,2.30E-05,3,,,
AGAP003475,,32.08,0.001719568,0.220282568,4.47E-06,5,,,
AGAP003485,,40.4,0.000686642,0.225325673,4.64E-05,1,,,
AGAP003495,,3.37,9.33E-05,0.191225895,0,2,,,
AGAP003525,,22.65,0.000908944,0.22518596,0.000143685,5,,,
AGAP003535,,3.38,5.30E-06,0.177019772,2.45E-05,6,,,
AGAP003545,Osk,30.17,6.26E-05,0.199380306,9.58E-06,8,,,
AGAP003555,,67.48,0.001087344,0.2305357,1.28E-06,1,core4854,,
AGAP003565,,15.29,3.47E-05,0.214318882,0.000385976,1,,,
AGAP003575,,8.27,0.000139617,0.212506952,0,1,,,
AGAP003585,,75.81,0.000661945,0.238897626,0.000280361,1,,,
AGAP003595,,13.86,0.000178503,0.223089104,0,1,,,
AGAP003605,,33.05,0.001245834,0.227898207,4.23E-05,4,,,
AGAP003615,,22.71,0.000713238,0.221327088,5.35E-06,5,,,
AGAP003635,,4.92,0.000198947,0.210597379,4.43E-05,4,,,
AGAP003645,,2.8,8.50E-06,0.177115545,3.52E-06,4,,,
AGAP003655,,14.93,3.70E-05,0.201191292,1.61E-05,1,,,
AGAP003665,,7.58,0.00066783,0.209445653,2.54E-06,2,,,
AGAP003675,CRZ,2.06,3.36E-05,0.182407694,1.44E-07,2,,,
AGAP003685,,64.02,0.016831399,0.233798788,3.63E-06,3,core4854,,
AGAP003695,,4.25,3.25E-06,0.180163268,2.45E-05,9,,,
AGAP003705,,55.36,0.000455692,0.229609179,4.88E-05,1,,,
AGAP003715,,0.68,3.33E-08,0.1482337,0,7,,,
AGAP003725,,1.39,8.06E-05,0.181921495,0,4,,,
AGAP003745,,11.58,0.000207207,0.207484564,3.36E-06,4,,,
AGAP003755,,9.68,0.000224307,0.228620583,8.34E-07,4,,,
AGAP003775,,40.57,4.29E-05,0.204834277,0.000169461,9,,,
AGAP003785,,3.6,3.82E-06,0.18237132,0,9,,,
AGAP003795,,0.7,3.96E-06,0.176318612,0,4,,,
AGAP003805,,18.98,0.000208529,0.204288659,0.00010713,2,,,
AGAP003815,,24.81,0.000377157,0.219696064,1.45E-06,1,,,
AGAP003825,,72.91,0.000441123,0.238284589,0.00033,1,,,
AGAP003845,,8.89,1.44E-05,0.191182569,4.39E-06,1,,,
AGAP003855,,26.13,0.002488044,0.2133669,0.000112701,10,,,
AGAP003865,,115.41,0.001484373,0.245369016,0.000636292,4,core4854,,
AGAP003875,,8.14,0.001351216,0.207476435,0,2,,,
AGAP003885,,28.58,0.001444358,0.219218827,0.000114265,2,,,
AGAP003895,,26.04,0.000157739,0.196630969,1.51E-05,11,,,
AGAP003905,,0.7,4.30E-05,0.182567296,0,2,,,
AGAP003925,,2.71,7.64E-05,0.186949288,2.59E-07,4,,,
AGAP003935,Prosalpha1,69.97,0.001854891,0.229232891,0.000126939,5,,,
AGAP003945,,31.35,0.009260455,0.223717801,8.01E-06,3,,,
AGAP003965,,211.1,0.042314876,0.254923958,0.001087592,3,core4854,,
AGAP003975,,32.43,0.000385524,0.222846209,2.94E-06,1,,,
AGAP003995,,21.63,2.51E-06,0.185226045,4.19E-06,9,,,
AGAP004005,,262.02,0.027550036,0.248722033,0.000710868,2,core4854,,
AGAP004015,SP21408,76.36,0.0120001,0.224116927,0.000161397,10,core4854,,
AGAP004035,GPRFSH,26.65,0.000259923,0.216961348,0.0002158,2,,,
AGAP004055,,183.53,0.012557487,0.248499416,0.000133118,5,core4854,core6920,core7464
AGAP004065,,5.57,0.000130004,0.191522745,1.22E-07,5,,,
AGAP004085,,9.71,0.000157245,0.213165991,0,1,,,
AGAP004095,,4.67,1.55E-05,0.185123121,1.61E-05,9,,,
AGAP004115,,6.89,2.25E-05,0.203719152,1.12E-05,1,,,
AGAP004125,Osi2,96.79,0.014701739,0.228030839,0.000651525,3,,,
AGAP004135,,31.84,0.007641646,0.218081737,2.83E-06,3,,,
AGAP004145,,152.06,0.003586432,0.246133458,0.000130141,1,core4854,,
AGAP004165,GSTD2,32.03,0.003471131,0.208425465,1.34E-05,10,,,
AGAP004175,,13.81,0.00023464,0.212520103,4.17E-07,1,,,
AGAP004195,,1.39,1.87E-06,0.178075178,1.61E-05,9,,,
AGAP004205,,5.34,6.42E-05,0.197978531,6.33E-07,4,,,
AGAP004215,,9.14,0.003848596,0.224984544,4.56E-06,3,,,
AGAP004225,,15.97,0.000217326,0.222103969,3.63E-05,1,,,
AGAP004235,,76.71,0.006959788,0.247804504,0.000398273,5,core4854,,
AGAP004245,,6.84,5.42E-05,0.205560813,7.94E-06,4,,,
AGAP004255,,1.36,8.06E-06,0.183450129,2.47E-06,6,,,
AGAP004265,,23.8,0.000298939,0.227073015,0.000282583,1,,,
AGAP004275,,103.27,0.000621967,0.234199721,0.000241834,1,core4854,,
AGAP004285,,1.37,2.68E-06,0.172044036,1.09E-05,6,,,
AGAP004295,,21.88,7.05E-05,0.207532367,8.92E-06,1,,,
AGAP004315,,98.78,0.002135756,0.247513308,0.000537469,5,core4854,,
AGAP004335,,40.87,0.012235591,0.223135405,8.63E-08,3,,,
AGAP004345,,39.48,0.000266207,0.223885808,6.33E-05,8,,,
AGAP004355,Or27,95.85,0.00518394,0.232817848,0.000368377,2,,,
AGAP004375,,9.65,2.70E-05,0.204624187,5.20E-06,1,,,
AGAP004395,,65.32,0.004821189,0.230330502,5.41E-05,5,,,
AGAP004405,,144.4,0.007103105,0.245603258,0.000183232,4,core4854,,
AGAP004425,,24.46,0.000312145,0.219414493,0,1,,,
AGAP004435,,116.81,0.002543874,0.237557371,2.65E-05,1,core4854,,
AGAP004465,,110.3,0.001368223,0.235810579,0.000142535,1,core4854,,
AGAP004475,IR100i,46.45,0.008455046,0.236188548,8.37E-05,2,,,
AGAP004485,,2.73,3.28E-05,0.179710875,2.71E-06,6,,,
AGAP004495,,4.09,4.19E-05,0.199453545,0,1,,,
AGAP004515,,86.95,0.002623052,0.231170367,0.000191521,4,core4854,,
AGAP004535,,83.91,0.001055533,0.22603571,8.71E-05,4,,,
AGAP004545,,19.55,0.000172291,0.20764672,1.61E-05,8,,,
AGAP004555,,15.98,0.000405865,0.212004964,8.91E-05,2,,,
AGAP004575,,2.79,3.13E-05,0.197318282,9.78E-06,4,,,
AGAP004585,,98.39,0.000566496,0.230019744,0.000208166,8,core4854,,
AGAP004595,GPRGBB2,33.5,0.000360902,0.208409214,0.000256683,6,,,
AGAP004605,,95.62,0.000798229,0.23473158,0.000107828,1,core4854,,
AGAP004615,,76.59,0.000663148,0.222919636,4.84E-06,8,,,
AGAP004625,,43.21,0.000603643,0.231399329,3.93E-06,4,,,
AGAP004635,,58.14,0.002387059,0.230309095,4.24E-06,5,,,
AGAP004645,,0.67,3.20E-06,0.148654924,0,10,,,
AGAP004655,,74.57,0.002982608,0.237208845,3.97E-05,5,core4854,,
AGAP004665,CYP306A1,2.03,8.66E-06,0.19442574,5.56E-05,11,,,
AGAP004675,GPRMAC2,136.1,0.001445784,0.231477492,4.94E-05,6,core4854,,
AGAP004685,,69.7,0.000663302,0.234083433,6.62E-06,1,core4854,,
AGAP004695,,31.89,0.000315386,0.21920309,2.01E-06,1,,,
AGAP004715,,2.78,8.67E-06,0.184624353,0,1,,,
AGAP004725,eIF3c,18.12,0.000131644,0.214482425,1.03E-05,4,,,
AGAP004735,,17.55,0.000399471,0.222434146,3.01E-05,2,,,
AGAP004745,,22.21,0.007164101,0.237284013,5.51E-05,3,,,
AGAP004755,Vps36,54.79,0.000693769,0.227917825,5.04E-06,1,,,
AGAP004765,,83.16,0.000931488,0.240688559,0.000158238,4,,,
AGAP004775,,0.67,7.81E-07,0.151012719,0,5,,,
AGAP004795,,44.02,0.000507819,0.227617497,0.000215539,4,,,
AGAP004805,,11.49,0.000214391,0.218851813,0,1,,,
AGAP004825,,229.01,0.001743989,0.244985438,0.000912846,8,core4854,,
AGAP004835,,113.74,0.019395681,0.243481547,9.56E-05,3,core4854,,
AGAP004855,CLIPB13,18.3,0.000133646,0.196126801,6.16E-06,7,,,
AGAP004865,tun,55.31,0.014906897,0.237325652,5.64E-07,3,core4854,,
AGAP004875,,14.53,0.002656042,0.207994598,1.44E-08,3,,,
AGAP004885,,158.03,0.006698968,0.24853947,0.000221984,5,core4854,,
AGAP004905,,14.27,0.000371961,0.206685169,1.39E-06,4,,,
AGAP004915,,24.09,0.001447354,0.21137466,4.40E-05,3,,,
AGAP004945,,33.93,0.000399052,0.228224123,5.17E-05,1,,,
AGAP004955,,18.04,0.000210179,0.21893195,0.000186442,1,,,
AGAP004965,,83.04,0.000598345,0.234084971,6.58E-05,1,,,
AGAP004975,PPO3,8.09,0.000211192,0.181926842,5.61E-07,13,,,
AGAP004985,mRpL16,129.78,0.003127343,0.235995896,0.000175088,5,core4854,,
AGAP005005,,6.16,0.001575259,0.215922656,7.98E-05,3,,,
AGAP005015,,16.11,0.000214075,0.220763424,0.000202535,1,,,
AGAP005025,,4.28,3.93E-06,0.174968208,0.000153553,8,,,
AGAP005035,,81.11,0.001637839,0.243807999,0.00062584,4,,,
AGAP005045,,40.8,0.010764202,0.228050277,7.01E-06,3,,,
AGAP005055,ITP,12.51,0.00011652,0.217529117,0.000276245,6,,,
AGAP005065,,9.03,1.15E-06,0.173923767,4.88E-05,9,,,
AGAP005075,,4.72,2.91E-05,0.192087522,1.01E-07,8,,,
AGAP005095,,9.12,0.000602753,0.204552762,2.52E-05,7,,,
AGAP005105,,41.44,0.000449435,0.239526772,6.24E-05,4,,,
AGAP005115,,24.51,0.000458825,0.224316101,0.000269457,4,,,
AGAP005125,,76.13,0.00126063,0.225289373,3.01E-05,8,,,
AGAP005135,,21.29,0.001559682,0.215105095,7.94E-05,4,,,
AGAP005145,,33.18,0.001046017,0.204802315,1.95E-05,2,,,
AGAP005155,,80.61,0.003314005,0.236683498,0.00091321,4,core4854,,
AGAP005165,,55.74,0.000554265,0.221631393,9.56E-05,6,,,
AGAP005175,,115.88,0.004795882,0.23508731,0.000273346,5,,,
AGAP005185,,51.51,0.00144203,0.22003635,0.00013752,2,,,
AGAP005195,,10.85,9.11E-07,0.180825258,3.52E-05,14,,,
AGAP005205,PGRPLA,6.27,1.60E-05,0.203298283,2.09E-05,1,,,
AGAP005215,,0.69,2.07E-05,0.19444181,0,1,,,
AGAP005225,,15.05,3.77E-05,0.199943216,2.00E-05,8,,,
AGAP005245,,13.86,0.004723902,0.226603954,3.62E-05,3,,,
AGAP005275,,1.38,3.45E-05,0.189617429,6.62E-07,6,,,
AGAP005285,,197.43,0.046197808,0.251707343,0.000120305,3,core4854,core6920,
AGAP005295,,11.06,2.97E-05,0.203602573,1.16E-06,1,,,
AGAP005305,,143.03,0.015810084,0.252333853,0.000237127,4,core4854,,
AGAP005315,,0.68,1.56E-05,0.16733333,0,2,,,
AGAP005325,,10.84,9.86E-05,0.210926927,1.29E-07,8,,,
AGAP005335,CTL4,37.6,8.84E-05,0.197523706,9.02E-07,7,,,
AGAP005345,,95.33,0.021614854,0.238765248,0.000113501,3,core4854,,
AGAP005365,,102.39,0.000534693,0.232027043,0.000120209,1,,,
AGAP005375,,71.85,0.000490796,0.22804379,3.87E-05,1,,,
AGAP005385,,122.05,0.029806525,0.228039566,0.000179438,3,core4854,core6920,
AGAP005405,,58.94,0.001529615,0.235241386,0.000212111,4,,,
AGAP005415,,2.01,6.08E-06,0.17974658,2.79E-06,4,,,
AGAP005425,,0.7,3.96E-06,0.176318612,0,4,,,
AGAP005455,CPR14,15.87,0.00013433,0.201053642,0.000146441,2,,,
AGAP005465,GPRDIH2,129.14,0.004322622,0.240656933,0.001098169,6,core4854,,
AGAP005475,,48.61,0.000553434,0.241035554,6.84E-05,4,,,
AGAP005485,,1.35,1.16E-05,0.188149054,0,8,,,
AGAP005495,Or80,80.25,0.004634352,0.233839018,0.000362722,2,,,
AGAP005515,,6.75,6.54E-05,0.186314994,2.89E-05,13,,,
AGAP005525,,105.68,0.000795625,0.231862236,0.000142639,8,core4854,,
AGAP005535,Rpn5,66.05,0.003126763,0.229525849,5.01E-05,5,,,
AGAP005545,,7.64,0.000512606,0.205032249,1.68E-06,4,,,
AGAP005555,,6.12,4.28E-05,0.20437533,5.00E-05,1,,,
AGAP005565,,0.71,2.13E-05,0.196004246,0,1,,,
AGAP005575,,39.53,0.000588933,0.231138642,2.11E-06,4,,,
AGAP005585,,2.1,8.85E-07,0.16336295,3.69E-05,9,,,
AGAP005595,,49.88,0.010929334,0.237820363,0.000192988,3,,,
AGAP005605,,13.2,8.99E-05,0.220766941,3.50E-05,1,,,
AGAP005615,mRpS15,100.49,0.001941251,0.23544845,0.000119546,5,,,
AGAP005625,SCRASP1,90.14,0.00069386,0.226087187,0.000411488,7,,,
AGAP005635,,1.44,0.000277351,0.196671917,3.40E-06,4,,,
AGAP005645,,11.01,8.24E-05,0.199972367,0.000375452,7,,,
AGAP005655,CYC,0.66,2.89E-06,0.171223728,0,4,,,
AGAP005665,,125.97,0.016366059,0.2329921,0.000444698,2,core4854,,
AGAP005675,,14.61,0.00233356,0.218396767,2.01E-05,3,,,
AGAP005685,,181.05,0.01113605,0.258016563,0.002302539,5,core4854,core6920,
AGAP005695,CPTC2,121.71,0.02015295,0.22947956,0.000741871,3,core4854,,
AGAP005705,,84.74,0.006857257,0.20765668,0.000100459,10,core4854,,
AGAP005715,,6.06,0.000642776,0.206268047,4.49E-07,3,,,
AGAP005725,SCRB3,1.99,0.000195561,0.192391126,0,2,,,
AGAP005735,,0.68,1.82E-06,0.176205856,0,12,,,
AGAP005745,,21.61,4.87E-05,0.210236674,0.000133608,1,,,
AGAP005755,,55.08,0.001466306,0.21582479,4.79E-05,2,,,
AGAP005765,,89.5,0.007769307,0.246988621,0.000588533,4,core4854,,
AGAP005775,,15.31,0.000670006,0.20807503,9.92E-06,5,,,
AGAP005785,,152.47,0.002370178,0.23168809,0.000189391,6,core4854,,
AGAP005795,,0.7,5.75E-09,0.126616457,0,9,,,
AGAP005805,,34.17,0.001573979,0.217465791,0.000135103,11,,,
AGAP005815,,2.65,7.52E-06,0.173636847,5.43E-07,7,,,
AGAP005825,,15.78,0.00019203,0.217581119,4.98E-06,1,,,
AGAP005835,COEJHE3E,136.79,0.028319832,0.236398236,0.000324843,3,core4854,,
AGAP005855,,9.5,0.000126044,0.186810222,4.03E-06,13,,,
AGAP005865,,9.36,0.000520801,0.216194336,1.19E-06,5,,,
AGAP005885,,3.51,2.11E-05,0.203611744,0,1,,,
AGAP005895,,40.6,0.006732545,0.223485543,1.63E-05,3,,,
AGAP005905,,21.63,0.003527457,0.236036154,0.000259767,3,,,
AGAP005915,,98.73,0.009033857,0.231805194,0.000279502,2,core4854,,
AGAP005935,,181.81,0.010797755,0.253398702,0.000427409,5,core4854,core6920,
AGAP005955,,52.83,0.000470907,0.231646553,0.000881197,1,,,
AGAP005975,,247.37,0.058562273,0.251449749,0.000407267,3,core4854,core6920,
AGAP005995,CPR138,67.04,0.004745288,0.23250394,0.000483505,2,,,
AGAP006005,CPR103,0.68,2.69E-06,0.156147496,0,2,,,
AGAP006035,,5.47,4.28E-05,0.178896399,1.21E-05,2,,,
AGAP006045,,1.34,2.20E-05,0.175340534,5.70E-07,16,,,
AGAP006055,,20.87,0.000183816,0.233644851,0.000159909,1,,,
AGAP006065,,74.18,0.000529452,0.23598604,0.000111181,1,,,
AGAP006075,OBP49,4.31,2.79E-06,0.174779482,3.04E-05,7,,,
AGAP006085,,3.49,1.76E-05,0.197400272,0,1,,,
AGAP006095,CPR106,16.55,0.000256983,0.184626931,2.03E-06,13,,,
AGAP006105,,46.25,0.000140582,0.220578457,6.39E-05,1,,,
AGAP006115,,67.58,0.000780783,0.211301114,7.92E-06,6,core4854,,
AGAP006125,,12.53,9.18E-05,0.209030489,7.71E-06,1,,,
AGAP006135,,16.71,0.000143293,0.204127318,7.35E-06,6,,,
AGAP006145,CPLCA1,151.1,0.030473112,0.232750399,0.000773152,3,core4854,core6920,
AGAP006165,,12.95,0.000923705,0.216699066,1.07E-05,4,,,
AGAP006175,,23.54,0.000156599,0.215668605,4.96E-07,1,,,
AGAP006185,,4.81,6.38E-05,0.186371598,0,2,,,
AGAP006195,,63.84,1.03E-05,0.197216948,0.000155926,9,,,
AGAP006205,,70.94,0.000839224,0.221580119,5.43E-06,4,core4854,,
AGAP006215,GPRMTH1,27.4,0.001361307,0.217152463,8.35E-06,2,,,
AGAP006225,,12.33,3.45E-05,0.19780001,0.000109497,16,,,
AGAP006235,,8.3,0.000133496,0.218281276,0,1,,,
AGAP006245,,9.02,0.000129673,0.22134707,0.000201797,1,,,
AGAP006255,,1.4,1.71E-05,0.196722276,0,4,,,
AGAP006265,,28.08,0.003033077,0.232887664,0.000136562,2,,,
AGAP006275,,125.31,0.002294241,0.227173451,0.000573236,7,,,
AGAP006325,,34.64,0.000895331,0.216506263,3.60E-05,2,,,
AGAP006355,,29.81,0.000139668,0.224262882,5.07E-05,1,,,
AGAP006365,,44.52,0.000833574,0.234591601,6.26E-05,1,,,
AGAP006375,,0.7,1.92E-06,0.162040226,0,4,,,
AGAP006385,,19.72,1.78E-06,0.181496429,0.000125302,9,,,
AGAP006395,,22.26,0.000164454,0.202567511,7.94E-06,6,,,
AGAP006405,,36.09,0.000982033,0.218208725,1.37E-05,6,,,
AGAP006415,,68.78,0.007400906,0.230137879,3.59E-05,2,,,
AGAP006425,,49.51,0.011112459,0.21963878,5.36E-06,3,,,
AGAP006435,,14.58,0.000550827,0.186651764,1.38E-06,13,,,
AGAP006445,,2.1,2.49E-07,0.1550513,0.000171426,6,,,
AGAP006455,,15.1,0.000785553,0.203869034,6.14E-05,2,,,
AGAP006465,,23.58,0.001437632,0.203784633,5.40E-06,2,,,
AGAP006475,,37.32,0.001948155,0.222208924,2.07E-05,4,,,
AGAP006485,,102.62,0.015967394,0.225528322,3.66E-05,10,core4854,,
AGAP006495,,5.58,6.21E-05,0.200371359,0.000107428,1,,,
AGAP006505,,4.22,2.17E-06,0.187383428,0.000183526,4,,,
AGAP006515,,160.33,0.014872732,0.246813277,0.000286586,2,core4854,,
AGAP006525,,50.8,0.014063234,0.231034842,0.000218171,3,,,
AGAP006535,Oseg1,2.79,6.81E-06,0.181730017,6.83E-06,1,,,
AGAP006555,,4.12,6.15E-05,0.18528359,2.73E-06,2,,,
AGAP006575,,56.04,0.001299323,0.233807326,5.96E-05,1,,,
AGAP006585,,9.95,5.31E-06,0.182306097,6.73E-05,11,,,
AGAP006595,,30.32,0.003281061,0.229620253,0.000311823,2,,,
AGAP006605,,1.34,4.42E-07,0.155770638,8.63E-07,7,,,
AGAP006615,,6.76,0.000658199,0.201232818,3.60E-07,5,,,
AGAP006625,,67.39,0.003453688,0.232233671,1.12E-05,5,core4854,,
AGAP006635,,84.61,0.000674208,0.215898306,1.23E-05,6,core4854,,
AGAP006645,,27.69,0.010499898,0.222636622,1.55E-07,3,,,
AGAP006655,,6.24,0.00114135,0.214823663,1.79E-06,2,,,
AGAP006665,,15.65,0.003838175,0.223640841,1.73E-07,3,,,
AGAP006675,,18.81,0.00360145,0.219903568,4.04E-06,3,,,
AGAP006685,,2.08,9.32E-06,0.185814221,0,4,,,
AGAP006705,,6.96,0.001230397,0.218200658,1.29E-06,3,,,
AGAP006715,,0.73,7.49E-08,0.15652366,0,1,,,
AGAP006725,COEAE3H,0.72,4.16E-06,0.164314113,0,5,,,
AGAP006735,,106.92,0.003968354,0.225160877,0.000143003,2,,,
AGAP006745,,2.75,8.33E-06,0.188157681,0,12,,,
AGAP006755,snRNP-U1-70K,11.03,0.002532916,0.220891024,2.17E-05,3,,,
AGAP006765,,37.07,0.005970709,0.232812728,8.38E-06,3,,,
AGAP006775,,14.32,0.001568697,0.199893942,7.73E-06,10,,,
AGAP006785,,123.3,0.00079675,0.23549344,4.26E-05,8,core4854,,
AGAP006795,Aper1,75.85,1.07E-05,0.199558139,0.00041247,9,,,
AGAP006805,,122.84,0.000813107,0.246623663,0.000977407,4,,,
AGAP006815,,22.14,0.000150791,0.224072624,5.01E-05,1,,,
AGAP006825,Trpm,24.41,0.002467231,0.222019705,5.94E-06,2,,,
AGAP006835,,8.2,0.000275347,0.194903249,0,7,,,
AGAP006845,CPR50,18.76,0.005402355,0.218886036,2.86E-05,3,,,
AGAP006865,CPR64,45.78,0.01085338,0.219577768,1.31E-05,3,,,
AGAP006875,Gr30,60.84,0.002530621,0.220555223,4.82E-05,2,,,
AGAP006885,,6.87,0.002615289,0.220415293,3.88E-07,3,,,
AGAP006895,,45.15,0.000356655,0.231827933,2.06E-05,1,,,
AGAP006905,,34.31,0.005109048,0.221763755,2.95E-05,3,,,
AGAP006915,,31.28,0.000671598,0.220907554,3.27E-05,1,,,
AGAP006925,,4.7,6.58E-05,0.203705217,0,4,,,
AGAP006935,,4.06,0.000292127,0.205804935,0,3,,,
AGAP006945,,2.21,9.95E-06,0.189192593,0,8,,,
AGAP006955,,46.85,0.001728347,0.225242514,3.06E-05,6,,,
AGAP006965,,59.72,0.000460827,0.229734068,5.78E-05,1,,,
AGAP006985,,14.99,0.000625178,0.2047157,0.000136892,2,,,
AGAP006995,,3.56,2.57E-05,0.19579322,7.30E-05,1,,,
AGAP007005,,73.71,0.014897809,0.241186937,4.02E-05,3,core4854,,
AGAP007015,,164.28,0.038429544,0.245291201,9.60E-05,3,core4854,core6920,
AGAP007025,,3.37,1.42E-06,0.167670569,1.76E-06,8,,,
AGAP007045,LRIM15,0.68,1.97E-06,0.170067461,0,4,,,
AGAP007065,,148.26,0.030796938,0.252911929,0.000158047,3,core4854,,
AGAP007075,,1.34,0.000230944,0.200760243,0,2,,,
AGAP007085,,2.07,9.54E-06,0.19147879,1.42E-06,1,,,
AGAP007095,,3.37,0.000187129,0.19890673,0,2,,,
AGAP007105,,11.1,0.000356615,0.2169342,3.52E-05,2,,,
AGAP007115,,32.41,0.000504242,0.225749817,2.99E-05,1,,,
AGAP007125,,95.6,0.0006999,0.228857794,0.000328137,1,,,
AGAP007135,,11.19,1.09E-05,0.187661602,4.94E-05,7,,,
AGAP007145,,50.93,0.000244135,0.224319007,0.00016457,1,,,
AGAP007155,,5.49,0.000563257,0.195669974,0,2,,,
AGAP007165,,2.1,3.16E-08,0.144619232,1.09E-05,9,,,
AGAP007175,,2.12,7.92E-06,0.19294624,1.84E-05,7,,,
AGAP007195,,47.6,0.013494837,0.220723485,6.04E-07,3,,,
AGAP007205,,17.7,5.91E-05,0.210413429,5.90E-07,1,,,
AGAP007215,,13.13,0.000126839,0.221738378,1.36E-05,1,,,
AGAP007225,,8.34,0.000413441,0.214106392,2.99E-05,2,,,
AGAP007245,,38.99,0.000428914,0.237560065,0.000384523,4,,,
AGAP007265,,7.65,0.002289121,0.215085906,0,3,,,
AGAP007275,,18.66,0.003036725,0.213941815,1.04E-05,3,,,
AGAP007295,,46.85,0.000454337,0.226955671,2.12E-05,1,,,
AGAP007305,,13.65,0.000251568,0.209485905,1.19E-05,6,,,
AGAP007315,,4.21,1.18E-05,0.187495195,0.000349424,7,,,
AGAP007325,,40.33,0.008378825,0.236253031,0.000198282,3,,,
AGAP007335,,3.46,1.92E-06,0.183744623,2.72E-06,1,,,
AGAP007345,LYSC3,11.13,0.001933619,0.213544382,6.61E-06,3,,,
AGAP007355,,3.39,1.07E-06,0.171770697,3.62E-05,9,,,
AGAP007365,,74.78,0.000232443,0.217328002,0.000360985,8,,,
AGAP007375,,3.47,1.00E-05,0.191763871,1.12E-05,1,,,
AGAP007385,LYSC4,70.48,0.000180496,0.20995968,0.000106781,7,,,
AGAP007395,,0.66,5.34E-06,0.176776036,0,1,,,
AGAP007405,,22.99,5.21E-05,0.215022018,0.000288296,1,,,
AGAP007415,,44.67,0.000454873,0.213748306,0.000341036,2,,,
AGAP007445,,16.07,0.000386726,0.19518154,6.97E-06,2,,,
AGAP007455,LRIM10,6.68,7.53E-08,0.162120225,6.79E-05,16,,,
AGAP007465,,50.25,0.004643829,0.225642713,7.45E-05,2,,,
AGAP007475,,2.74,0.000103595,0.177732329,0.000169592,10,,,
AGAP007485,,4.81,5.97E-05,0.216761476,6.49E-05,1,,,
AGAP007505,,0.66,4.82E-06,0.17375903,0,8,,,
AGAP007515,,1.36,2.10E-06,0.165523207,2.59E-07,12,,,
AGAP007525,,129.37,0.013841955,0.244788103,3.26E-05,4,core4854,,
AGAP007545,,47.5,0.008537675,0.233167973,0.00047292,3,,,
AGAP007565,,2.09,3.61E-06,0.184790795,1.77E-06,1,,,
AGAP007575,,42.96,0.000432819,0.221976339,6.70E-05,1,,,
AGAP007585,,7.61,3.91E-05,0.198907964,2.17E-05,6,,,
AGAP007595,,29.29,0.000269497,0.219353769,3.34E-06,1,,,
AGAP007605,,20.39,0.007961673,0.218747789,0,3,,,
AGAP007615,,45.44,0.010756232,0.237122316,0.000466544,3,,,
AGAP007625,,106.23,0.001829683,0.232558539,1.56E-05,1,core4854,,
AGAP007635,,68.66,0.001967232,0.240118287,0.000198319,5,,,
AGAP007645,,35.61,0.00407298,0.218723751,3.64E-05,3,,,
AGAP007655,bw,1.4,5.20E-08,0.147973518,1.65E-05,7,,,
AGAP007665,,30.24,0.001779596,0.22115936,2.06E-06,5,,,
AGAP007675,,98.88,0.009937553,0.228130664,0.00096101,11,,,
AGAP007685,,4.08,6.70E-05,0.190446987,1.24E-05,12,,,
AGAP007705,,48,0.000559394,0.224295171,4.77E-06,1,,,
AGAP007715,,4.22,0.001063802,0.211621481,0.000134573,16,,,
AGAP007725,,46.94,0.000487972,0.22749776,1.74E-05,1,,,
AGAP007745,,75.49,1.26E-05,0.200382536,0.000156626,9,,,
AGAP007755,,16.26,0.004893382,0.213280447,1.14E-06,3,,,
AGAP007765,,2.81,4.40E-05,0.204525049,0,1,,,
AGAP007775,,138.84,0.00055915,0.227487522,0.000177608,8,core4854,,
AGAP007785,,41.16,0.004448568,0.224515416,0.000196709,2,,,
AGAP007795,,50.1,0.005893749,0.23032814,6.34E-05,2,,,
AGAP007805,,0.69,3.03E-05,0.174594435,0,4,,,
AGAP007825,,32.56,0.000205904,0.214949819,2.73E-05,1,,,
AGAP007835,,0.71,7.36E-07,0.170020853,0,1,,,
AGAP007845,,2.07,1.12E-05,0.178390563,1.58E-07,1,,,
AGAP007855,,26.47,0.000166053,0.216504228,3.40E-05,8,,,
AGAP007865,,123.74,0.009068472,0.248199742,0.000180012,4,core4854,,
AGAP007875,,0.67,5.92E-08,0.143744461,0,1,,,
AGAP007885,,47.94,0.001583225,0.237322662,0.000180863,5,,,
AGAP007895,,0.65,9.91E-07,0.161571163,0,4,,,
AGAP007905,,51.07,0.004259803,0.232893284,4.64E-05,2,,,
AGAP007915,,60.4,0.006290556,0.233559944,2.04E-05,3,,,
AGAP007925,,10.05,8.66E-05,0.209036129,1.64E-06,1,,,
AGAP007935,,69.93,0.010397759,0.23206447,2.54E-05,3,,,
AGAP007955,,14.9,0.00010993,0.207824405,2.84E-06,4,,,
AGAP007965,,8.43,0.000158066,0.213875087,3.96E-08,1,,,
AGAP007975,,56.17,0.002537711,0.218222955,3.57E-05,5,,,
AGAP007985,,17.63,0.001243171,0.210827472,4.86E-06,2,,,
AGAP008005,,16.78,0.000331759,0.198707101,2.55E-05,2,,,
AGAP008015,,46.63,0.000257339,0.211634765,3.29E-05,8,,,
AGAP008025,,80.75,0.01117351,0.233750083,0.000134581,3,core4854,,
AGAP008035,,0.71,4.99E-07,0.162452926,0,4,,,
AGAP008045,,97.61,0.000864715,0.233878363,9.82E-05,1,core4854,,
AGAP008055,CSP3,117.36,0.00082589,0.222825468,0.000171036,6,core4854,,
AGAP008065,,49.21,1.37E-05,0.196146807,0.000244893,9,,,
AGAP008115,,29.15,0.004442392,0.220449726,1.45E-05,3,,,
AGAP008125,,2.01,5.39E-06,0.174017336,2.16E-07,7,,,
AGAP008135,,14.74,0.000150868,0.219618684,2.64E-06,1,,,
AGAP008155,,49.36,0.002377585,0.229935052,3.88E-05,6,,,
AGAP008165,,61.7,0.000823863,0.23990151,0.000856851,7,,,
AGAP008185,,22.86,0.007186586,0.223337819,1.87E-07,3,,,
AGAP008195,,114.63,0.006670622,0.254625139,0.000215099,5,core4854,,
AGAP008205,CYP6R1,202.49,0.012991472,0.245487504,0.001456806,2,core4854,,
AGAP008215,SG7b,26.34,2.23E-06,0.191581988,0.000668294,15,,,
AGAP008225,,19.24,3.65E-05,0.194836678,9.09E-05,9,,,
AGAP008235,,37.57,0.000737061,0.226609797,0.000636125,2,,,
AGAP008245,,108.04,0.02415083,0.245830435,0.000188995,3,core4854,,
AGAP008265,,22.74,0.000484541,0.22070545,4.96E-07,1,,,
AGAP008275,,9.65,0.000154352,0.192622076,3.67E-07,2,,,
AGAP008285,,1.32,7.76E-08,0.150672749,0.000169592,16,,,
AGAP008295,TRYP2,26.6,6.44E-05,0.21297124,0.001242276,9,,,
AGAP008305,,1.39,4.40E-05,0.196246717,1.07E-05,4,,,
AGAP008315,,24.92,0.000354689,0.221029947,6.90E-06,1,,,
AGAP008325,,27.77,0.000312288,0.224454634,2.37E-07,1,,,
AGAP008335,,100.98,0.000809518,0.22056134,0.00014483,6,core4854,,
AGAP008345,,129.65,0.00272767,0.238674072,0.000346811,5,core4854,,
AGAP008355,,0.73,8.60E-07,0.168803955,0,1,,,
AGAP008375,,15.2,0.000427613,0.210339958,2.23E-05,5,,,
AGAP008385,,42.96,0.000688755,0.21298846,1.78E-05,6,,,
AGAP008405,mRpL24,21.9,0.000154574,0.208947566,2.32E-05,1,,,
AGAP008415,,23.66,0.000196309,0.221936904,3.60E-08,1,,,
AGAP008425,,74.34,0.001521993,0.2280101,5.16E-06,1,,,
AGAP008435,,23.7,0.001001551,0.215026527,1.04E-05,2,,,
AGAP008445,CPLCG2,8.36,0.000725695,0.20079579,0.000348313,16,,,
AGAP008465,CPLCG22,156.87,0.037532007,0.229979381,5.76E-05,3,core4854,core6920,
AGAP008475,,209.77,0.001700744,0.238193496,0.000323375,1,core4854,,
AGAP008495,,31.33,0.000368905,0.222704506,0.000230654,1,,,
AGAP008515,,60.74,0.003850986,0.243047097,0.000381253,4,,,
AGAP008525,,22.54,0.000116183,0.195889659,7.19E-06,11,,,
AGAP008545,,4.79,0.000833267,0.210856648,8.63E-08,2,,,
AGAP008575,,4.86,0.000214012,0.20470715,2.89E-06,6,,,
AGAP008585,,3.42,2.75E-06,0.175049616,4.22E-05,6,,,
AGAP008615,,2.72,2.89E-05,0.186718872,1.44E-08,1,,,
AGAP008625,GPRSMO,3.97,1.89E-05,0.189994839,4.03E-07,4,,,
AGAP008635,,10.39,8.42E-05,0.201636644,9.85E-07,1,,,
AGAP008645,GAM1,19.32,4.90E-06,0.180642991,1.08E-05,9,,,
AGAP008655,,34.35,0.001404634,0.227750132,0.000102994,2,,,
AGAP008685,Jheh2,10.36,0.000417159,0.19667376,0,2,,,
AGAP008705,,2.04,0.000140241,0.190289565,0,4,,,
AGAP008715,,73.4,0.005483352,0.230056265,1.67E-05,5,core4854,,
AGAP008725,,5.48,1.96E-05,0.190873928,1.58E-06,6,,,
AGAP008735,,9.19,5.23E-05,0.179791192,0,11,,,
AGAP008745,,31.91,0.002871394,0.221780921,3.78E-05,2,,,
AGAP008765,,56.43,0.000378218,0.213271842,8.44E-05,11,,,
AGAP008775,,18.36,0.000281706,0.218551653,0.000139262,2,,,
AGAP008785,,6.74,0.000206021,0.211368181,0,1,,,
AGAP008795,,37.97,0.000103152,0.218771009,0.000140994,1,,,
AGAP008805,,112.14,0.018177197,0.248568989,0.000164446,4,core4854,,
AGAP008815,,10.27,0.00052222,0.209229032,7.98E-07,2,,,
AGAP008825,,1.41,1.63E-06,0.162386359,0.000169592,2,,,
AGAP008835,CLIPC1,0.67,1.45E-07,0.140786153,0,2,,,
AGAP008845,,61.23,0.000495217,0.220654739,0.000150173,4,,,
AGAP008855,,26.75,0.000363309,0.2199363,1.29E-05,4,,,
AGAP008875,,15.92,5.57E-05,0.212598708,4.12E-05,1,,,
AGAP008885,,9.05,0.000111171,0.216052497,7.19E-09,1,,,
AGAP008895,,107.66,0.003043184,0.237922282,3.72E-05,1,core4854,,
AGAP008905,,21.23,0.000261718,0.221679837,1.09E-05,1,,,
AGAP008925,,92.09,0.00077006,0.229982682,1.30E-05,1,,,
AGAP008935,,5.49,3.66E-05,0.197133723,4.11E-05,8,,,
AGAP008945,ABCG6,23.2,0.000699687,0.212409793,3.49E-05,2,,,
AGAP008955,,205.27,0.018485471,0.257057434,0.00073464,5,core4854,core6920,core7464
AGAP008965,,2.07,1.87E-08,0.147986124,7.73E-06,7,,,
AGAP008975,,91.81,0.021087662,0.236858363,1.19E-05,3,core4854,,
AGAP008985,,14.55,0.001235608,0.223654872,6.24E-06,5,,,
AGAP008995,,105.75,0.010545403,0.232937901,0.000283903,2,,,
AGAP009005,,8.16,1.44E-06,0.172002756,2.50E-06,9,,,
AGAP009025,,4.83,8.88E-05,0.199281343,8.20E-06,2,,,
AGAP009035,,76.05,0.00116374,0.221601632,0.000177101,4,,,
AGAP009045,,47.75,0.000942502,0.222819763,1.19E-05,1,,,
AGAP009065,OBP42,35.34,0.00203421,0.218571979,4.58E-05,2,,,
AGAP009075,,101.05,0.003632228,0.233951178,0.000348141,5,core4854,,
AGAP009085,,2.77,4.64E-05,0.191659943,0,2,,,
AGAP009095,,0.67,6.20E-09,0.130554538,0,9,,,
AGAP009105,,38.08,0.000648522,0.222087451,2.81E-05,1,,,
AGAP009115,,48.03,0.002132919,0.22542098,2.80E-05,6,,,
AGAP009125,Bbs8,33.63,0.001675994,0.22467491,1.74E-05,2,,,
AGAP009135,,53.17,0.000429768,0.212929514,8.90E-06,8,,,
AGAP009145,,14,3.55E-05,0.205531773,8.47E-05,7,,,
AGAP009165,,12.53,0.00010352,0.218814536,0.000359872,1,,,
AGAP009175,,2.71,1.20E-05,0.196610051,0,1,,,
AGAP009185,,8.86,6.18E-05,0.215863328,1.61E-05,1,,,
AGAP009195,GSTE1,2.11,7.70E-06,0.176571045,1.09E-05,10,,,
AGAP009205,,14.37,0.000144181,0.233624698,0.000298686,1,,,
AGAP009215,CLIPB18,2.07,6.67E-06,0.192177864,1.81E-05,1,,,
AGAP009225,,0.67,1.41E-06,0.16723962,0,9,,,
AGAP009245,,14.45,0.000181716,0.22516764,0.000701153,6,,,
AGAP009255,,2.03,7.17E-06,0.176661345,1.09E-05,16,,,
AGAP009275,Sk,2.05,5.58E-05,0.180531329,2.79E-06,2,,,
AGAP009285,,51.57,0.010939064,0.236984796,2.67E-05,3,,,
AGAP009295,,0.68,9.37E-05,0.182248966,0,3,,,
AGAP009305,,39.01,0.012548258,0.224835343,2.50E-06,3,,,
AGAP009315,,25.38,0.00047208,0.209436257,1.10E-05,2,,,
AGAP009325,,28.46,0.00037476,0.224560698,6.46E-05,4,,,
AGAP009335,,0.65,1.53E-06,0.165889076,0,1,,,
AGAP009365,,1.45,0.000158609,0.183028288,0,3,,,
AGAP009375,CYP9M2,0.71,1.47E-06,0.164558378,0,2,,,
AGAP009385,,12.35,0.003314784,0.218602674,1.20E-07,3,,,
AGAP009395,Or17,104.19,0.003570901,0.229202742,0.000578709,2,,,
AGAP009405,CPAP3-E,4.71,0.000184732,0.193258799,0,5,,,
AGAP009435,,2.8,1.76E-05,0.204792328,3.15E-06,1,,,
AGAP009445,,2.75,1.19E-05,0.190692946,4.64E-06,3,,,
AGAP009485,,190.29,0.001611821,0.24638238,0.000252431,4,core4854,,
AGAP009495,,7.48,0.000118546,0.217720294,0.000104531,1,,,
AGAP009505,CCT4,20.22,0.000408583,0.215158028,2.42E-05,5,,,
AGAP009515,REL1,4.16,3.74E-05,0.198711879,0,1,,,
AGAP009525,,22.53,0.001052547,0.229925978,0.000241821,3,,,
AGAP009535,,3.48,0.00036893,0.205263504,1.97E-06,3,,,
AGAP009565,,24.23,0.000752889,0.223394481,6.11E-07,4,,,
AGAP009575,,19.52,0.000615529,0.212546114,6.13E-06,2,,,
AGAP009585,,16.34,5.60E-05,0.213524991,5.20E-05,1,,,
AGAP009595,,26.39,0.000315472,0.210252844,1.87E-07,6,,,
AGAP009605,,158.21,0.001399358,0.240647303,0.000111455,1,core4854,,
AGAP009615,,34.99,0.00013006,0.220590146,5.10E-05,1,,,
AGAP009625,,17.75,0.000276785,0.211451259,3.74E-05,4,,,
AGAP009635,,46.54,0.000499701,0.212667403,3.10E-05,6,,,
AGAP009645,,81.2,0.001472678,0.230482926,0.000530608,4,,,
AGAP009665,,12.55,5.78E-05,0.206742596,4.49E-06,1,,,
AGAP009675,,30.61,0.010608546,0.227631411,2.86E-06,3,,,
AGAP009685,,32.04,0.000770814,0.221259447,0.000187833,5,,,
AGAP009695,,18.54,0.000318101,0.219847602,5.75E-08,1,,,
AGAP009705,Or69,77.22,0.002474334,0.221966654,7.01E-05,2,,,
AGAP009715,,324.71,0.05552568,0.258839189,0.002089149,3,core4854,core6920,
AGAP009735,,3.37,4.95E-05,0.19038362,1.05E-05,2,,,
AGAP009755,ANCE5,1.43,1.08E-06,0.157369721,9.20E-07,9,,,
AGAP009765,,52.4,0.000600216,0.228639102,5.19E-05,4,,,
AGAP009775,,16.67,0.000549724,0.217153623,3.51E-05,2,,,
AGAP009785,,7.51,8.10E-05,0.208907776,1.15E-06,4,,,
AGAP009805,Gr9,285.54,0.031659027,0.256332603,0.003039459,2,core4854,,
AGAP009825,,72.22,0.000456289,0.235187458,0.000136568,1,,,
AGAP009835,ABCC14,2.72,3.59E-05,0.193479658,0,8,,,
AGAP009855,Gr7,45.86,0.00096489,0.219961614,0.000362097,2,,,
AGAP009865,,232.67,0.01571281,0.248306863,0.000860329,5,core4854,core6920,core7464
AGAP009875,CPR77,2.67,6.81E-05,0.166877371,0,13,,,
AGAP009905,,80.64,0.000707694,0.229012254,3.84E-05,1,core4854,,
AGAP009925,Nkd,248.24,0.036179623,0.257209662,0.00159518,3,core4854,,
AGAP009935,,6.77,8.79E-05,0.179702364,2.28E-06,3,,,
AGAP009945,,19.49,0.000240033,0.22176396,0.000342571,1,,,
AGAP009955,,0.71,1.25E-07,0.161242003,0,6,,,
AGAP009965,,111.44,0.004354865,0.233961956,0.00016903,6,core4854,,
AGAP009975,,7.12,0.000126886,0.223350158,1.98E-05,1,,,
AGAP009985,,4.18,4.81E-05,0.202735246,0,1,,,
AGAP009995,,3.46,8.73E-06,0.179743328,4.88E-06,6,,,
AGAP010005,,78.35,0.001502939,0.234632109,1.72E-05,1,core4854,,
AGAP010015,,5.47,2.87E-05,0.213194719,0.000119526,2,,,
AGAP010025,,82.08,0.004003847,0.232895133,9.17E-05,5,core4854,,
AGAP010035,,2.01,1.31E-05,0.192898152,0,8,,,
AGAP010045,,4.1,2.97E-05,0.204591201,1.57E-06,1,,,
AGAP010055,,24.51,0.00034071,0.217239907,8.07E-05,4,,,
AGAP010065,RpL12,256.64,0.024679188,0.269229217,0.001337793,5,core4854,core6920,core7464
AGAP010075,,53.45,0.00022071,0.213428394,1.73E-05,8,,,
AGAP010085,,78.6,0.000574033,0.240034942,0.004573984,6,core4854,,
AGAP010095,CPR82,22.47,0.00291655,0.203751808,1.83E-06,3,,,
AGAP010105,CPR88,2.12,0.000363116,0.182295413,0,3,,,
AGAP010115,,43.99,0.003971531,0.224068124,7.94E-05,2,,,
AGAP010125,,1.55,1.47E-09,0.122860245,0,11,,,
AGAP010135,,218.69,0.002587337,0.239847884,0.00142969,4,core4854,,
AGAP010145,,6.25,2.17E-05,0.186848301,1.75E-05,7,,,
AGAP010155,,3.43,9.28E-07,0.171399022,4.99E-05,7,,,
AGAP010165,,16.99,0.000518869,0.209153432,7.05E-07,2,,,
AGAP010175,,10.83,0.000212977,0.210203251,2.93E-05,5,,,
AGAP010195,Gr33,14.7,0.003884444,0.227777467,1.93E-06,3,,,
AGAP010205,,72.96,0.000640876,0.218002604,6.41E-05,6,core4854,,
AGAP010215,,172.33,0.001856833,0.24739215,0.000693037,1,core4854,,
AGAP010225,,170.4,0.001195983,0.240320796,0.000644727,1,core4854,,
AGAP010245,,1.4,0.000218298,0.193256107,0,3,,,
AGAP010255,,41.04,0.006348947,0.217160812,2.54E-05,3,,,
AGAP010265,,4.14,0.000184441,0.200141363,1.12E-05,4,,,
AGAP010275,,13.23,3.96E-05,0.198790337,8.47E-06,1,,,
AGAP010295,,9.65,0.000326378,0.204924976,2.97E-06,2,,,
AGAP010305,,35.14,0.000441523,0.223068811,3.92E-05,1,,,
AGAP010335,,142.41,0.030230048,0.249699183,0.000134103,3,core4854,,
AGAP010345,,7.68,9.78E-05,0.221770524,3.79E-05,4,,,
AGAP010355,,53.13,0.004160752,0.224955833,3.20E-05,2,,,
AGAP010365,,59.71,1.06E-05,0.201229158,0.000689419,9,,,
AGAP010385,,4.02,0.00018247,0.178541739,5.75E-07,16,,,
AGAP010395,,12.39,0.000712354,0.203882421,6.83E-05,3,,,
AGAP010405,,25.84,0.000673863,0.223933758,0.000135919,5,,,
AGAP010415,,30.64,0.00013363,0.198701741,1.55E-05,7,,,
AGAP010435,,71.38,0.000705637,0.21555626,1.14E-06,6,core4854,,
AGAP010445,,2.04,4.30E-05,0.189367666,0,6,,,
AGAP010455,,8.96,0.000340282,0.201190705,6.72E-07,2,,,
AGAP010465,,4.1,0.000580634,0.201607244,8.16E-06,3,,,
AGAP010475,,10.31,0.002340768,0.209869829,2.10E-06,3,,,
AGAP010485,,10.07,0.000138781,0.207395725,0,6,,,
AGAP010505,Or44,102.31,0.01413046,0.237562032,0.00011145,2,core4854,,
AGAP010515,,158.21,0.002469502,0.240817631,0.000349056,1,core4854,,
AGAP010535,,14.72,0.000698871,0.205233155,0,2,,,
AGAP010545,,8.36,1.02E-05,0.189000804,3.38E-05,7,,,
AGAP010555,,78.26,0.001388964,0.238923501,0.000492513,6,core4854,,
AGAP010575,,17.21,8.43E-05,0.212125029,8.05E-07,1,,,
AGAP010585,Drep1,136.82,0.013514722,0.25484153,0.000255655,4,core4854,,
AGAP010595,,31.12,3.77E-06,0.186490763,2.42E-05,9,,,
AGAP010605,ILP7,3.49,0.000304876,0.205739596,0.000183298,6,,,
AGAP010615,,6.36,0.000194385,0.188756559,9.11E-08,2,,,
AGAP010625,,2.09,7.58E-06,0.191126022,3.70E-06,1,,,
AGAP010635,,24.19,0.000382265,0.205701624,1.59E-05,2,,,
AGAP010645,,10.43,2.50E-05,0.197283302,0.000440605,7,,,
AGAP010655,,21.78,0.002242407,0.220798198,7.31E-05,2,,,
AGAP010675,LRIM18,19.51,0.000392951,0.213319335,3.68E-05,2,,,
AGAP010685,,6.33,5.99E-05,0.206553832,8.15E-05,8,,,
AGAP010695,,4.01,1.06E-05,0.181990923,1.11E-06,7,,,
AGAP010705,,50.45,0.002731691,0.212437714,0.000220221,2,,,
AGAP010715,,74.57,0.000365334,0.223335324,6.81E-05,8,,,
AGAP010755,,106.91,0.002194671,0.23716904,0.000255849,1,core4854,,
AGAP010775,,20.23,0.003513822,0.217777229,3.87E-06,3,,,
AGAP010785,,159.54,0.02901864,0.247149839,0.000356403,3,core4854,,
AGAP010805,,26.36,0.006113873,0.23127657,9.69E-05,3,,,
AGAP010815,TEP1,8.82,4.36E-05,0.208466464,0.000128047,7,,,
AGAP010825,,19.52,0.002558866,0.214329333,2.78E-06,3,,,
AGAP010835,,194.49,0.000929284,0.241897997,0.00055315,8,core4854,,
AGAP010845,,15.25,0.000362443,0.217135478,9.06E-05,6,,,
AGAP010855,,28.31,0.002768093,0.220076193,0.000128421,10,,,
AGAP010865,,0.7,6.64E-07,0.170796434,0,7,,,
AGAP010875,,23.5,0.000351236,0.223128274,1.07E-05,1,,,
AGAP010885,,2.72,1.43E-05,0.174060992,0,7,,,
AGAP010895,,4.24,0.000141337,0.216269635,0.000440684,6,,,
AGAP010905,CPFL4,125.58,0.021639425,0.248996277,0.003650862,3,core4854,,
AGAP010925,,71.64,0.00236422,0.230730131,4.14E-05,4,core4854,,
AGAP010935,,8.5,0.000128412,0.214764265,3.83E-05,1,,,
AGAP010955,,12.78,0.000213676,0.198400531,7.08E-05,2,,,
AGAP010965,,0.71,1.10E-06,0.174233016,0,4,,,
AGAP010975,,8.22,7.77E-07,0.165142847,1.84E-06,9,,,
AGAP010985,,13.14,0.000126404,0.21928474,5.99E-05,4,,,
AGAP010995,,121.1,0.005878429,0.225229596,4.84E-05,2,core4854,,
AGAP011015,,6.22,0.00021116,0.197385602,4.31E-08,2,,,
AGAP011025,,34.29,0.000848788,0.210223257,4.23E-05,2,,,
AGAP011035,,101.42,0.001021269,0.241094563,0.001073273,1,,,
AGAP011045,,8.92,0.000462873,0.213702442,1.32E-05,2,,,
AGAP011055,,8.64,0.000188248,0.220888628,1.68E-05,4,,,
AGAP011065,,1.38,7.24E-09,0.132262503,0.000169592,8,,,
AGAP011085,,105.56,0.021930893,0.252746044,0.000433759,4,core4854,,
AGAP011095,,17.58,0.000383323,0.2048264,2.06E-06,2,,,
AGAP011105,,1.37,3.17E-06,0.17317752,0,4,,,
AGAP011115,,9.69,0.00282381,0.217192264,1.97E-07,3,,,
AGAP011125,,15.18,0.000155288,0.217607822,0.000104477,1,,,
AGAP011135,,17.52,0.000408181,0.207825229,2.51E-05,4,,,
AGAP011145,,17.69,3.71E-05,0.206152652,2.34E-05,1,,,
AGAP011155,,5.64,1.37E-05,0.190688509,1.32E-05,4,,,
AGAP011165,,44.56,0.000916753,0.224266439,9.97E-05,1,,,
AGAP011185,,23.07,0.000318134,0.223070271,3.45E-07,1,,,
AGAP011195,,7.63,0.000164321,0.207863813,1.39E-06,2,,,
AGAP011205,,101.93,0.019741046,0.231670221,4.50E-05,3,core4854,,
AGAP011215,,169.46,0.013979459,0.239681608,0.000566317,2,core4854,,
AGAP011225,,1.36,2.85E-05,0.183934316,0,2,,,
AGAP011245,,29.51,0.000290645,0.223832245,1.76E-05,1,,,
AGAP011255,,211.11,0.053660352,0.251665242,0.000116491,3,core4854,core6920,
AGAP011275,,103.87,0.006620832,0.246695018,0.000119248,4,core4854,,
AGAP011285,,20.46,7.44E-05,0.2096905,6.26E-06,1,,,
AGAP011305,,1.99,1.05E-06,0.149819873,2.47E-06,9,,,
AGAP011325,,0.65,3.58E-05,0.171036765,0,2,,,
AGAP011345,,7.51,1.21E-05,0.193836967,2.44E-07,1,,,
AGAP011365,COE21998,35.78,0.001683139,0.198948631,3.76E-05,10,,,
AGAP011375,,2.05,1.06E-05,0.182520885,0,1,,,
AGAP011395,,10.49,0.003558156,0.216281304,0.000169592,3,,,
AGAP011405,,53.37,0.000633222,0.221430196,8.01E-06,4,,,
AGAP011415,,211.55,0.042687644,0.241507162,0.000726436,3,core4854,core6920,
AGAP011425,,9.52,2.92E-05,0.201401504,6.12E-06,1,,,
AGAP011435,,0.65,1.37E-06,0.165990518,0,9,,,
AGAP011445,,47.58,0.000565307,0.229396363,2.52E-05,1,,,
AGAP011455,,51.88,0.000674241,0.228727623,1.04E-06,1,,,
AGAP011475,,18.1,0.002038033,0.212362104,2.79E-06,10,,,
AGAP011495,,6.17,2.86E-06,0.177871624,4.68E-05,12,,,
AGAP011515,,34.82,0.010689512,0.224048295,1.98E-05,3,,,
AGAP011535,,73.43,0.006805789,0.22627906,5.44E-06,5,core4854,,
AGAP011555,,271.3,0.060489878,0.255181087,0.000176295,3,core4854,core6920,
AGAP011565,,3.47,3.04E-05,0.188033922,2.23E-05,2,,,
AGAP011575,COE15O,2.12,2.65E-05,0.187236073,0,2,,,
AGAP011605,,105.75,0.025435935,0.229096361,5.37E-05,3,core4854,,
AGAP011615,,29.59,1.75E-05,0.199948061,0.000356928,9,,,
AGAP011625,,113.39,0.012292022,0.239330323,0.000307397,6,core4854,,
AGAP011635,mRpL35,23.6,0.000958213,0.217975821,6.86E-06,5,,,
AGAP011655,,9.88,0.00026922,0.207060265,0.000280457,2,,,
AGAP011665,,8.38,0.001701486,0.212045157,1.58E-07,2,,,
AGAP011675,,124.96,0.001888331,0.240211283,0.000405115,4,,,
AGAP011695,,49.97,0.010118637,0.228298732,8.40E-06,3,,,
AGAP011705,,62.25,0.008164562,0.226933075,1.36E-05,4,,,
AGAP011735,,39.74,0.000163604,0.222240933,0.000324812,2,,,
AGAP011745,,0.72,3.78E-05,0.188042248,0,4,,,
AGAP011765,,19.32,9.40E-05,0.194753686,0.000104852,7,,,
AGAP011775,,13.87,0.000183922,0.216372291,1.09E-05,1,,,
AGAP011785,CLIPE6,148.72,0.001219836,0.236386096,0.001385037,6,core4854,,
AGAP011795,,8.39,4.43E-05,0.203887331,0.000241685,2,,,
AGAP011805,,18.13,0.001913407,0.210423055,0,5,,,
AGAP011815,,4.05,9.41E-05,0.200888499,0,2,,,
AGAP011825,,48.79,0.000652429,0.224970737,3.72E-05,1,,,
AGAP011835,,27.91,0.000200833,0.22872887,0.000395103,1,,,
AGAP011845,,104.53,0.000500524,0.2302423,0.000167482,8,core4854,,
AGAP011875,,6.93,0.000211408,0.194552369,2.85E-06,4,,,
AGAP011885,,43.56,0.000501553,0.225172674,1.13E-05,1,,,
AGAP011895,,29.28,0.000687697,0.218277042,3.85E-05,5,,,
AGAP011905,,4.12,0.000126937,0.198899051,7.27E-06,2,,,
AGAP011915,Gr35,13.98,0.000688121,0.208943323,1.32E-05,2,,,
AGAP011925,,3.4,2.63E-05,0.20183341,3.59E-05,1,,,
AGAP011935,,164.36,0.012415755,0.241194237,0.000326581,2,core4854,,
AGAP011945,,6.19,0.001747635,0.210511028,8.63E-08,3,,,
AGAP011955,,14,7.71E-05,0.213524581,0.000578471,2,,,
AGAP011965,,11.98,6.60E-05,0.213335072,6.84E-05,4,,,
AGAP011975,,38.08,0.000368052,0.226592842,1.59E-05,1,,,
AGAP011985,,2.01,3.46E-05,0.169160616,0.000116577,2,,,
AGAP012005,ABCF3,25.89,0.00056104,0.224018018,1.45E-06,1,,,
AGAP012015,,73.63,0.009126166,0.230864878,8.39E-05,4,core4854,,
AGAP012045,,15.66,0.000785459,0.210068994,1.49E-05,4,,,
AGAP012065,,30.05,0.000744114,0.210655142,8.53E-06,2,,,
AGAP012105,,25.95,0.000110572,0.217766331,0.000113206,8,,,
AGAP012125,,37.31,0.000399042,0.226404771,0.00010073,4,,,
AGAP012135,Rpn8,53.91,0.001285266,0.224242908,1.51E-05,5,,,
AGAP012145,,126.96,0.009565654,0.237270421,8.14E-05,5,core4854,core6920,
AGAP012155,ABCA6,50.98,0.010676517,0.23158773,1.87E-05,3,,,
AGAP012175,,0.66,1.75E-05,0.172745275,0,6,,,
AGAP012185,,52.59,0.01642234,0.226281152,1.41E-05,3,,,
AGAP012195,,58.52,0.000398438,0.222177015,4.43E-05,1,,,
AGAP012225,,24,0.001250439,0.212549995,5.37E-06,2,,,
AGAP012235,,170.51,0.005597036,0.248894527,0.00063092,5,core4854,,
AGAP012245,,2.01,2.56E-05,0.187667103,0,2,,,
AGAP012255,,4.09,5.05E-05,0.193366758,1.10E-05,2,,,
AGAP012265,,6.12,9.63E-05,0.187955877,0.000225892,2,,,
AGAP012275,,60.27,0.000850684,0.206487247,1.08E-06,11,,,
AGAP012295,CYP9L1,8.53,0.000112978,0.208502455,9.64E-07,1,,,
AGAP012305,,30.03,0.000469736,0.204753831,0.000163758,7,,,
AGAP012315,,17,0.001149233,0.211344465,0.000136456,11,,,
AGAP012325,OBP28,7.59,0.002473253,0.209991051,6.88E-06,3,,,
AGAP012335,,10.98,0.00010638,0.216786476,1.51E-07,1,,,
AGAP012345,,20.29,0.00236554,0.210894597,9.35E-08,3,,,
AGAP012365,,10.14,0.000210172,0.210979205,9.15E-06,2,,,
AGAP012375,,229.35,0.001111461,0.23808263,0.000586898,8,core4854,,
AGAP012385,,236.63,0.039948955,0.250201813,0.000628042,3,core4854,core6920,
AGAP012395,,5.62,8.34E-05,0.189641566,0.000195284,9,,,
AGAP012415,,3.44,6.15E-05,0.204982687,2.44E-07,1,,,
AGAP012425,,25.49,1.91E-05,0.191450741,5.99E-06,9,,,
AGAP012435,,1.38,9.91E-08,0.159589239,0,6,,,
AGAP012445,,4.7,1.28E-05,0.190774049,1.05E-06,1,,,
AGAP012455,,0.68,1.13E-05,0.167910655,0,2,,,
AGAP012485,,29.21,0.000201708,0.219210331,4.36E-06,1,,,
AGAP012495,,1.36,3.57E-08,0.152871632,0,9,,,
AGAP012505,,106.65,0.026183915,0.233701621,4.36E-05,3,core4854,,
AGAP012515,ATPsynF,115.33,0.005968341,0.259750781,0.002380657,5,core4854,,
AGAP012525,,1.42,2.56E-06,0.175637462,0,1,,,
AGAP012535,,3.47,0.000179552,0.188372032,1.34E-06,3,,,
AGAP012545,,69.58,0.008585787,0.229130381,2.19E-05,2,,,
AGAP012555,,5.92,9.70E-06,0.194563638,0.000104101,1,,,
AGAP012565,,4.21,1.24E-05,0.203083448,2.11E-05,1,,,
AGAP012585,ODDB,10.44,4.34E-05,0.186366597,0.00025589,9,,,
AGAP012625,,52.8,0.00020837,0.224056344,0.000341918,1,,,
AGAP012635,,5.76,1.79E-06,0.174726917,0.000343006,9,,,
AGAP012645,,17.46,0.000892072,0.213759042,0.000214484,4,,,
AGAP012655,,50.89,8.88E-05,0.221525206,0.000792788,1,,,
AGAP012665,,1.39,3.70E-05,0.176551365,2.88E-08,11,,,
AGAP012675,,2.08,3.50E-05,0.181630437,4.03E-07,3,,,
AGAP012685,,47.3,0.00088965,0.235700511,0.002345365,4,,,
AGAP012695,,7.58,7.02E-05,0.209921757,3.03E-05,1,,,
AGAP012705,,7.77,0.000351715,0.194474619,1.74E-06,5,,,
AGAP012715,,2.9,1.11E-07,0.145242274,0.000339357,16,,,
AGAP012725,,5.57,0.0009993,0.206180239,0,3,,,
AGAP012735,,0.68,1.13E-06,0.14925669,0,3,,,
AGAP012745,,3.67,8.42E-08,0.159079157,2.80E-05,9,,,
AGAP012755,,560.41,0.003890588,0.266635285,0.006204574,1,core4854,,
AGAP012795,,289.45,0.058883552,0.257716312,0.000113866,3,core4854,core6920,
AGAP012815,,35.09,0.000171637,0.2290502,0.000356202,2,,,
AGAP012825,,11.3,1.20E-05,0.193546341,3.81E-06,1,,,
AGAP012835,,8.31,0.000278392,0.217776332,9.58E-06,3,,,
AGAP012845,,2.05,4.39E-07,0.169184658,0,1,,,
AGAP012855,,2.1,6.80E-05,0.179156964,1.18E-05,2,,,
AGAP012865,,20.72,0.000113244,0.201428738,5.30E-06,1,,,
AGAP012875,,651.62,0.091943307,0.282015591,0.002914326,3,core4854,core6920,
AGAP012885,,168.34,0.032236113,0.249466903,0.000543898,3,core4854,core6920,
AGAP012895,,7.54,0.000173245,0.208768367,8.73E-06,8,,,
AGAP012905,,1.39,5.71E-05,0.182367907,0,4,,,
AGAP012915,,40.99,4.57E-05,0.21336827,0.000114604,1,,,
AGAP012925,,2.06,7.85E-05,0.189047178,0,4,,,
AGAP012935,,27.73,0.000324526,0.214179076,0.000462619,2,,,
AGAP012945,,2.05,0.000260429,0.19124145,0.000169592,3,,,
AGAP012955,,9.06,0.00016646,0.215341091,0,1,,,
AGAP012975,,138.1,0.000825915,0.222388224,0.000208549,6,core4854,,
AGAP012985,GPROP4,11.45,3.98E-05,0.200130366,0.000318136,6,,,
AGAP012995,,11.12,0.000181146,0.203225196,1.58E-07,2,,,
AGAP013005,,31.83,0.000229787,0.202775973,1.85E-05,7,,,
AGAP013015,,19.33,0.000142678,0.221075977,1.86E-05,1,,,
AGAP013035,,1.35,9.72E-07,0.171429217,0,1,,,
AGAP013045,,12.44,0.00289463,0.209790008,0,3,,,
AGAP013055,,62.56,0.005447772,0.224231084,5.84E-05,2,,,
AGAP013065,,25.51,0.005729433,0.213471343,0,3,,,
AGAP013075,,127.48,0.006352885,0.241884719,0.000445425,2,,,
AGAP013085,IR75g,113.66,0.009546399,0.23188748,0.000130749,2,core4854,,
AGAP013095,,217.48,0.051203963,0.247126067,6.23E-05,3,core4854,core6920,
AGAP013105,,297.73,0.054763164,0.256576087,0.000429731,3,core4854,core6920,
AGAP013115,,14.91,5.15E-05,0.208561815,0.000101465,8,,,
AGAP013125,,11.71,1.86E-05,0.202623699,2.56E-05,12,,,
AGAP013145,,79.78,0.013471047,0.23968002,0.000251006,3,core4854,,
AGAP013155,,42.43,0.007905409,0.218367085,2.08E-05,10,,,
AGAP013165,,4.12,6.17E-06,0.18958284,1.39E-05,4,,,
AGAP013175,TWDL4,26.45,0.004162166,0.224413878,2.59E-05,3,,,
AGAP013205,,20.17,5.64E-05,0.223312846,0.000232592,1,,,
AGAP013215,,302.05,0.001686749,0.24655905,0.002975494,8,core4854,,
AGAP013225,,4.25,0.00021221,0.194258139,0,2,,,
AGAP013235,,20.25,0.001165468,0.216590558,0.000126692,2,,,
AGAP013255,APN3,3.76,7.03E-08,0.151427679,1.05E-05,9,,,
AGAP013265,,20.53,0.000488735,0.204841485,7.21E-06,2,,,
AGAP013275,,121.38,0.002735557,0.242427726,0.001445991,2,,,
AGAP013285,IR7u,23.91,0.000993734,0.219895774,0.000313547,2,,,
AGAP013305,CYP4H25,3.45,3.82E-05,0.198477013,2.75E-06,2,,,
AGAP013315,,204.85,0.035138712,0.247952213,0.000749228,3,core4854,,
AGAP013335,,9.01,0.000455864,0.199824325,2.41E-06,2,,,
AGAP013365,,50.05,0.005624259,0.217177645,1.24E-06,5,,,
AGAP013375,,21.12,0.000217742,0.217595319,3.54E-05,4,,,
AGAP013385,,103.52,0.000688361,0.229302561,4.84E-05,1,core4854,,
AGAP013395,,10.5,0.000107403,0.21072244,1.10E-06,1,,,
AGAP013405,,7.55,0.000283132,0.195948096,9.79E-06,3,,,
AGAP013425,IR101,43.9,0.001227087,0.21505796,8.78E-05,2,,,
AGAP013435,,4.06,8.64E-05,0.179977608,1.01E-07,2,,,
AGAP013445,,5.53,0.000120005,0.198061064,2.65E-06,2,,,
AGAP013455,,61.01,0.014989959,0.23528955,7.94E-06,3,core4854,,
AGAP013465,CPLCP1,84.97,0.01318625,0.225481644,0.000623466,3,,,
AGAP013475,,277.13,0.001841198,0.247375627,0.000245929,1,core4854,,
AGAP013485,,158.72,0.025257623,0.256052583,0.000143835,3,core4854,,
AGAP013495,,9.75,0.000150053,0.2060419,7.82E-05,3,,,
AGAP013515,,135.81,0.000686944,0.23993001,0.001427997,4,,,
AGAP013525,,56.61,0.009648027,0.223705193,0.000126272,3,,,
AGAP013535,,3.42,3.05E-05,0.192033569,1.04E-05,7,,,
AGAP013545,,27.38,0.001011972,0.217124804,4.32E-05,2,,,
AGAP013725,,6.85,2.51E-05,0.199081652,0.000305872,1,,,
AGAP013745,,19.41,7.16E-05,0.207124878,5.38E-05,8,,,
AGAP013755,,95.88,0.000968964,0.226269026,0.000999035,7,,,
AGAP013775,,44.87,0.000338202,0.222107449,0.000544476,5,,,
AGAP027985,,4.15,0.000138871,0.201312713,1.01E-05,1,,,
AGAP027995,,271.35,0.006643715,0.2469691,0.001409425,4,core4854,,
AGAP028005,,6.9,3.33E-05,0.193788412,7.45E-06,8,,,
AGAP028015,,0.69,1.26E-06,0.1684261,0,4,,,
AGAP028025,,50.67,0.002021185,0.221436179,0.000543937,6,,,
AGAP028045,,21.38,0.000283508,0.214892951,0.000446936,4,,,
AGAP028055,,0.69,7.09E-07,0.166156995,0,12,,,
AGAP028065,,47.71,0.000179267,0.207907718,3.42E-06,7,,,
AGAP028085,,0.7,3.07E-05,0.175607325,0,2,,,
AGAP028095,,170.74,0.00216839,0.23957732,0.005066704,7,,,
AGAP028105,,9.78,0.000435779,0.203663487,1.99E-05,3,,,
AGAP028115,,22.45,2.69E-05,0.19778896,0.000703731,9,,,
AGAP028135,,128.86,0.029921543,0.239888647,1.88E-05,3,core4854,,
AGAP028145,,308.6,0.002566413,0.251114401,0.003367977,8,core4854,,
AGAP028175,,29.52,0.000208844,0.200427541,8.01E-05,11,,,
AGAP028185,,23.57,7.92E-05,0.215397496,0.000644898,8,,,
AGAP028205,,10.54,2.88E-05,0.19043376,0.000178419,1,,,
AGAP028215,,117.29,0.001652453,0.231868892,0.001097738,4,,,
AGAP028225,,3.52,0.000301914,0.200188727,0,2,,,
AGAP028415,,10.03,1.33E-05,0.19472494,3.74E-06,1,,,
AGAP028425,,54.78,0.000541293,0.228874747,7.33E-05,4,,,
AGAP028455,,2.07,0.000119167,0.179831338,2.47E-06,3,,,
AGAP028485,,102.25,0.001372588,0.223949939,0.000794809,11,,,
AGAP028495,,16.22,0.001114405,0.200176317,0,3,,,
AGAP028525,,0.7,1.92E-06,0.171714575,0,1,,,
AGAP028565,,51.75,0.000985045,0.22803733,6.21E-05,4,,,
AGAP028605,,12.44,0.001091198,0.20422783,0.000170067,2,,,
AGAP028635,,117.58,0.00774327,0.246365189,0.000486925,4,core4854,,
AGAP028645,,52.14,0.005012129,0.23041512,6.81E-05,4,,,
AGAP028655,,7.03,5.47E-06,0.186024542,8.18E-05,8,,,
AGAP028665,,10.01,6.21E-06,0.169877495,3.88E-07,11,,,
AGAP028675,,71.63,0.000279313,0.219846996,1.13E-05,8,,,
AGAP028685,,54.25,0.002030503,0.233570394,0.00027026,4,,,
AGAP028695,,8.82,0.00121783,0.199553804,1.34E-05,10,,,
AGAP028725,SPCLIP1,42.76,0.000661326,0.21861244,0.000176335,7,,,
AGAP028735,,3.46,2.33E-05,0.194612891,9.48E-05,2,,,
AGAP028855,LSU_rRNA_eukarya,34.48,0.000812556,0.234742462,7.50E-05,2,,,
AGAP029075,,14.62,4.36E-05,0.217718156,0.000874493,11,,,
AGAP029085,,64.81,0.002968587,0.230968091,5.42E-05,2,,,
AGAP029095,,24.4,0.002308139,0.211175271,1.07E-05,3,,,
AGAP029105,,111.56,0.000890684,0.217724434,6.14E-06,6,core4854,,
AGAP029115,,4.02,5.82E-05,0.195841511,1.44E-08,2,,,
AGAP029125,,3.49,9.61E-05,0.192543092,3.46E-06,2,,,
AGAP029175,,139.37,0.005896245,0.251420297,0.001530151,2,,,
AGAP029185,,23.07,0.007921523,0.219092211,0,3,,,
AGAP029195,HPX12,0.71,4.38E-06,0.151152956,0,3,,,
AGAP029205,,19.12,0.000310837,0.222987498,0.000518378,6,,,
AGAP029225,Ir154,135.16,0.00690651,0.252062362,0.002521527,2,,,
AGAP029235,,4.75,7.14E-05,0.191708432,1.15E-05,13,,,
AGAP029245,,11.02,8.53E-05,0.195903632,0.000174401,2,,,
AGAP029255,,205.67,0.016806662,0.254140543,0.002611619,2,core4854,,
AGAP029265,,78.43,0.00191593,0.244179256,0.002896828,11,,,
AGAP029305,,206.92,0.016461734,0.239925646,0.012654713,10,core4854,,
AGAP029325,,73.61,0.006557384,0.237907182,0.00020865,2,,,
AGAP029365,,7.36,0.000128362,0.207914946,6.11E-05,7,,,
AGAP029405,,4.74,5.92E-05,0.191989097,1.01E-06,6,,,
AGAP029425,,41.56,0.001844616,0.234563618,0.000730598,2,,,
AGAP029445,,52.87,0.002889857,0.235130653,2.69E-05,5,,,
AGAP029455,,112.3,0.028038712,0.242752711,8.53E-05,3,core4854,,
AGAP029465,,5.49,0.000105491,0.19738105,4.20E-06,2,,,
AGAP029475,,4.91,6.44E-07,0.175421412,1.83E-06,9,,,
AGAP029485,,178.81,0.018569349,0.242217154,0.000558933,4,core4854,,
AGAP029505,,9.48,0.002008197,0.214317301,0.000120104,3,,,
AGAP029515,,66.95,0.008594866,0.22800291,7.91E-05,3,,,
AGAP029525,,0.71,1.49E-07,0.157788498,0,8,,,
AGAP029535,,2.01,3.97E-06,0.179270848,2.78E-05,10,,,
AGAP029545,,165.32,0.021914968,0.255620131,0.000609382,4,core4854,,
AGAP029555,,29.8,0.000292495,0.236816535,0.002629715,6,,,
AGAP029565,,50.24,0.016463945,0.23865071,0.000431566,3,,,
AGAP029575,,10.22,0.001009392,0.219208705,5.03E-07,4,,,
AGAP029585,,175.04,0.042829742,0.252868854,0.000105783,3,core4854,core6920,
AGAP029595,,25.97,0.001131866,0.219256764,4.36E-05,2,,,
AGAP029605,,57.51,0.010589153,0.231921007,0.000231859,3,,,
AGAP029615,,45.73,0.002346103,0.216634144,3.14E-05,2,,,
AGAP029625,,146.45,0.023190114,0.245802643,4.23E-05,4,core4854,,
AGAP029635,,1.38,3.61E-06,0.173361542,0,4,,,
AGAP029645,,2.14,8.26E-06,0.198734754,6.01E-06,1,,,
AGAP029665,,21.81,0.000417518,0.211388417,1.82E-06,4,,,
AGAP029675,,28.91,0.00017639,0.213718406,2.44E-06,1,,,
AGAP029705,Or50,513.9,0.063439074,0.270687411,0.012062209,3,core4854,,
AGAP029715,,74.23,0.00430988,0.213085972,0.000218419,10,,,
AGAP029735,,57.84,0.000235695,0.213208923,2.57E-05,8,,,
AGAP029765,,2.05,4.20E-05,0.164141436,0,3,,,
